ch1,ch2
3.7001250000000003,3.6974531250000005
3.69365625,3.705328125
3.685359375,3.710671875
3.6819843750000003,3.7011093750000006
3.689015625,3.6960468750000004
3.687890625,3.6954843750000004
3.6810000000000005,3.7040625
3.6852187499999998,3.69675
3.6762187500000003,3.70603125
3.6821250000000005,3.7001250000000003
3.691265625,3.7035
3.6814218750000003,3.70378125
3.6753750000000003,3.712359375
3.6800156250000002,3.7063125
3.68859375,3.7099687500000003
3.6798750000000005,3.69646875
3.6797343750000002,3.70659375
3.6776250000000004,3.712078125
3.6824062500000005,3.705609375
3.6860625,3.6991406250000005
3.691125,3.7013906250000006
3.6822656250000003,3.7004062500000003
3.690421875,3.7015312500000004
3.6770625000000003,3.7130625000000004
3.6822656250000003,3.7029375
3.6849374999999998,3.6991406250000005
3.686203125,3.7027968749999998
3.6821250000000005,3.6998437500000003
3.6736875,3.707296875
3.6835312500000006,3.7099687500000003
3.676359375,3.707859375
3.6811406250000003,3.70490625
3.6670781249999997,3.705046875
3.673125,3.704203125
3.6802968750000002,3.707296875
3.66721875,3.6981562500000003
3.6670781249999997,3.711515625
3.668203125,3.7119375000000003
3.67059375,3.70378125
3.6659531250000006,3.7116562500000003
3.677203125,3.707296875
3.6756562500000003,3.7015312500000004
3.6634218750000005,3.7011093750000006
3.672421875,3.70884375
3.66975,3.710390625
3.6603281250000004,3.6985781250000005
3.66075,3.707296875
3.6669375000000004,3.7122187500000003
3.670453125,3.6999843750000005
3.659625,3.7074375
3.66975,3.7006875000000004
3.6748125000000003,3.706453125
3.6627187500000002,3.6960468750000004
3.670453125,3.705328125
3.670734375,3.7025156249999998
3.671859375,3.702375
3.6628593750000005,3.7096875000000002
3.6669375000000004,3.7153125000000005
3.6703125,3.7019531250000006
3.65934375,3.708421875
3.672140625,3.6978750000000002
3.67228125,3.707015625
3.6648281250000005,3.6966093750000004
3.672421875,3.70603125
3.669046875,3.7018125000000004
3.6673593749999998,3.70603125
3.6614531250000004,3.708984375
3.670171875,3.714328125
3.6691875,3.7013906250000006
3.65934375,3.712078125
3.668765625,3.6994218750000005
3.67059375,3.703359375
3.6569531250000002,3.7027968749999998
3.66890625,3.7110937500000003
3.6606093750000004,3.6991406250000005
3.67003125,3.6988593750000005
3.6667968750000006,3.710109375
3.6606093750000004,3.7157343750000003
3.6679218749999998,3.704203125
3.65484375,3.706453125
3.6625781250000005,3.7102500000000003
3.65653125,3.703359375
3.6622968750000005,3.6968906250000004
3.6656718750000006,3.707859375
3.655828125,3.7130625000000004
3.659625,3.7008281250000006
3.65709375,3.708421875
3.668484375,3.705328125
3.6666562500000004,3.7040625
3.6577968750000003,3.713203125
3.6635625000000003,3.7027968749999998
3.6621562500000002,3.7122187500000003
3.6639843750000005,3.7020937500000004
3.668203125,3.707015625
3.66075,3.707578125
3.66721875,3.70434375
3.66075,3.70715625
3.6673593749999998,3.704203125
3.6656718750000006,3.7116562500000003
3.659625,3.6987187500000003
3.66975,3.7091250000000002
3.6575156250000003,3.7122187500000003
3.6617343750000004,3.703921875
3.654421875,3.70884375
3.6662343750000006,3.7005468750000006
3.66890625,3.70546875
3.6634218750000005,3.6974531250000005
3.66975,3.710953125
3.6637031250000005,3.711515625
3.66103125,3.702375
3.6703125,3.709265625
3.6632812500000003,3.7020937500000004
3.668765625,3.710390625
3.65596875,3.7144687500000004
3.6627187500000002,3.703359375
3.65428125,3.7102500000000003
3.6659531250000006,3.7035
3.668765625,3.7040625
3.6606093750000004,3.7150312500000005
3.6665156250000006,3.703640625
3.6628593750000005,3.712078125
3.6627187500000002,3.7005468750000006
3.6676406249999998,3.708421875
3.6580781250000003,3.7029375
3.6648281250000005,3.7096875000000002
3.655265625,3.712921875
3.65990625,3.704203125
3.6534375,3.7105312500000003
3.6580781250000003,3.708
3.6577968750000003,3.709546875
3.65315625,3.7001250000000003
3.6625781250000005,3.707296875
3.6666562500000004,3.709546875
3.6580781250000003,3.6981562500000003
3.6611718750000004,3.709828125
3.6577968750000003,3.7130625000000004
3.6594843750000003,3.7035
3.6655312500000004,3.710953125
3.6594843750000003,3.709828125
3.6622968750000005,3.7108125000000003
3.651890625,3.714046875
3.66046875,3.7018125000000004
3.65146875,3.7105312500000003
3.65878125,3.6974531250000005
3.654703125,3.7085625
3.6556875,3.7051875
3.652171875,3.708703125
3.650765625,3.704765625
3.6634218750000005,3.7001250000000003
3.6658125000000004,3.702375
3.6649687500000003,3.7020937500000004
3.65878125,3.712640625
3.6653906250000006,3.707578125
3.66075,3.7116562500000003
3.6577968750000003,3.702375
3.65540625,3.7139062500000004
3.66159375,3.70771875
3.6652500000000003,3.6995625000000003
3.654421875,3.706734375
3.6625781250000005,3.7122187500000003
3.655265625,3.7006875000000004
3.6630000000000003,3.6988593750000005
3.6580781250000003,3.710390625
3.6566718750000002,3.712921875
3.6597656250000004,3.7027968749999998
3.6511875,3.706734375
3.6585,3.70603125
3.6614531250000004,3.704484375
3.6523125,3.7148906250000002
3.6586406250000003,3.703921875
3.65821875,3.7108125000000003
3.65709375,3.7008281250000006
3.6634218750000005,3.707578125
3.65428125,3.69675
3.66159375,3.70771875
3.6493593750000004,3.7133437500000004
3.65596875,3.7030781249999998
3.6473906250000003,3.70434375
3.653296875,3.7108125000000003
3.650203125,3.708703125
3.651046875,3.7006875000000004
3.6590625,3.707296875
3.659625,3.710109375
3.6490781250000004,3.6974531250000005
3.6497812499999998,3.7105312500000003
3.6523125,3.7148906250000002
3.65709375,3.7005468750000006
3.6469687500000005,3.7113750000000003
3.6580781250000003,3.7004062500000003
3.6590625,3.7030781249999998
3.6487968750000004,3.7012500000000004
3.6579375,3.70659375
3.6503437499999998,3.6982968750000005
3.6486562500000006,3.704625
3.6589218750000003,3.7105312500000003
3.650765625,3.712921875
3.650765625,3.705046875
3.65625,3.7091250000000002
3.65203125,3.7113750000000003
3.65878125,3.6985781250000005
3.6461250000000005,3.709546875
3.65428125,3.711515625
3.6485156250000004,3.707296875
3.6483750000000006,3.70378125
3.654421875,3.707015625
3.653015625,3.7102500000000003
3.6445781250000002,3.6987187500000003
3.65146875,3.710953125
3.6464062500000005,3.713765625
3.6489375000000006,3.7099687500000003
3.6447187500000005,3.7016718750000006
3.653859375,3.7009687500000004
3.655125,3.7022343749999997
3.6534375,3.708140625
3.6511875,3.7040625
3.6523125,3.708
3.650765625,3.70490625
3.65765625,3.7110937500000003
3.6466875000000005,3.6999843750000005
3.6585,3.7094062500000002
3.6475312500000006,3.7150312500000005
3.65428125,3.7004062500000003
3.6427500000000004,3.708140625
3.65484375,3.7119375000000003
3.6478125000000006,3.7018125000000004
3.653578125,3.6981562500000003
3.65765625,3.710671875
3.65203125,3.711796875
3.649921875,3.70434375
3.6486562500000006,3.7094062500000002
3.651609375,3.708
3.657375,3.6999843750000005
3.6487968750000004,3.7015312500000004
3.6575156250000003,3.7108125000000003
3.6601875,3.7147500000000004
3.65709375,3.7148906250000002
3.6597656250000004,3.710671875
3.66103125,3.714609375
3.656109375,3.7105312500000003
3.65653125,3.714328125
3.654421875,3.7139062500000004
3.656109375,3.7162968750000003
3.657375,3.709265625
3.65259375,3.70715625
3.65540625,3.7125000000000004
3.653859375,3.7119375000000003
3.65259375,3.713203125
3.65259375,3.7013906250000006
3.655125,3.7116562500000003
3.6455625000000005,3.714046875
3.65540625,3.7012500000000004
3.6444375000000004,3.706734375
3.654140625,3.6991406250000005
3.6556875,3.70715625
3.6489375000000006,3.7127812500000004
3.655125,3.705609375
3.653578125,3.7153125000000005
3.65146875,3.707578125
3.655265625,3.705046875
3.6480937500000006,3.7063125
3.654140625,3.708140625
3.651609375,3.710953125
3.6447187500000005,3.6999843750000005
3.6455625000000005,3.70828125
3.651609375,3.711234375
3.6545625,3.7005468750000006
3.6448593750000002,3.705609375
3.655265625,3.7085625
3.6580781250000003,3.7091250000000002
3.6480937500000006,3.708703125
3.655125,3.7029375
3.6472500000000005,3.7108125000000003
3.65315625,3.70828125
3.6556875,3.7113750000000003
3.6487968750000004,3.70659375
3.6462656250000003,3.713765625
3.65259375,3.7144687500000004
3.653578125,3.7018125000000004
3.6563906250000002,3.710953125
3.6480937500000006,3.6981562500000003
3.653859375,3.708140625
3.6448593750000002,3.708140625
3.654,3.69675
3.6438750000000004,3.706875
3.656109375,3.70603125
3.6569531250000002,3.712078125
3.6472500000000005,3.6991406250000005
3.6445781250000002,3.7119375000000003
3.6511875,3.7006875000000004
3.641203125,3.7116562500000003
3.6413437500000003,3.7074375
3.6483750000000006,3.7148906250000002
3.643171875,3.7027968749999998
3.653296875,3.705609375
3.6490781250000004,3.705890625
3.65259375,3.7102500000000003
3.6452812500000005,3.711796875
3.6458437500000005,3.705046875
3.642046875,3.703359375
3.6511875,3.7051875
3.6455625000000005,3.713484375
3.651328125,3.7030781249999998
3.642046875,3.713203125
3.649921875,3.7001250000000003
3.651890625,3.7011093750000006
3.6473906250000003,3.70490625
3.6447187500000005,3.706171875
3.644296875,3.7035
3.6486562500000006,3.6998437500000003
3.6402187500000003,3.7099687500000003
3.644296875,3.712640625
3.6492187500000006,3.6992812500000003
3.637546875,3.70659375
3.6478125000000006,3.711234375
3.6407812500000003,3.7051875
3.6461250000000005,3.6971718750000004
3.6486562500000006,3.70884375
3.6405000000000003,3.7127812500000004
3.6448593750000002,3.7022343749999997
3.639515625,3.704765625
3.6444375000000004,3.70575
3.6393750000000002,3.714328125
3.63825,3.705609375
3.6468281250000003,3.703921875
3.6503437499999998,3.708421875
3.643171875,3.695625
3.6480937500000006,3.70575
3.6445781250000002,3.70321875
3.6489375000000006,3.7004062500000003
3.6402187500000003,3.712921875
3.6427500000000004,3.713203125
3.6458437500000005,3.6998437500000003
3.63459375,3.70771875
3.636984375,3.7102500000000003
3.63375,3.70434375
3.638953125,3.6971718750000004
3.6441562500000004,3.7085625
3.63853125,3.7110937500000003
3.63796875,3.7020937500000004
3.636,3.708421875
3.6450000000000005,3.704203125
3.6452812500000005,3.7011093750000006
3.6376875,3.6995625000000003
3.6455625000000005,3.7102500000000003
3.6447187500000005,3.709546875
3.6376875,3.70434375
3.635578125,3.7133437500000004
3.6388125000000002,3.712359375
3.6393750000000002,3.7025156249999998
3.6438750000000004,3.705328125
3.637546875,3.711234375
3.642328125,3.706171875
3.640078125,3.710109375
3.637546875,3.6997031250000005
3.63571875,3.708984375
3.636984375,3.7144687500000004
3.6410625000000003,3.703359375
3.63571875,3.711515625
3.640921875,3.707859375
3.6435937500000004,3.70265625
3.640921875,3.7141875000000004
3.6416250000000003,3.70603125
3.6445781250000002,3.712921875
3.640640625,3.712359375
3.6473906250000003,3.7011093750000006
3.636703125,3.7091250000000002
3.6450000000000005,3.7008281250000006
3.6493593750000004,3.7094062500000002
3.642609375,3.7009687500000004
3.6486562500000006,3.708140625
3.651046875,3.7094062500000002
3.639796875,3.6971718750000004
3.643171875,3.710109375
3.6416250000000003,3.712921875
3.637546875,3.7035
3.63375,3.709828125
3.637265625,3.7171406250000003
3.637546875,3.7035
3.6320625,3.7119375000000003
3.6407812500000003,3.70771875
3.6421875000000004,3.70378125
3.635296875,3.7035
3.6435937500000004,3.708984375
3.643734375,3.709265625
3.63796875,3.705609375
3.63403125,3.70771875
3.640640625,3.7148906250000002
3.6376875,3.705046875
3.63825,3.7099687500000003
3.638390625,3.705046875
3.6464062500000005,3.709828125
3.63684375,3.7025156249999998
3.6405000000000003,3.70659375
3.6295312500000003,3.70546875
3.638671875,3.710671875
3.6444375000000004,3.704203125
3.633890625,3.7018125000000004
3.633046875,3.710953125
3.634453125,3.714328125
3.639796875,3.6985781250000005
3.634875,3.7002656250000006
3.6452812500000005,3.703921875
3.6497812499999998,3.7110937500000003
3.6441562500000004,3.7144687500000004
3.641765625,3.704765625
3.63684375,3.7119375000000003
3.642328125,3.69675
3.6472500000000005,3.7015312500000004
3.639796875,3.69478125
3.6469687500000005,3.7108125000000003
3.633890625,3.72121875
3.6402187500000003,3.7005468750000006
3.6306562500000004,3.708
3.6396562500000003,3.7139062500000004
3.6312187500000004,3.7040625
3.6433125000000004,3.7015312500000004
3.65203125,3.7116562500000003
3.6320625,3.7074375
3.6324843749999998,3.7005468750000006
3.6277031250000005,3.706734375
3.6354375,3.704484375
3.635859375,3.709546875
3.6306562500000004,3.6982968750000005
3.637265625,3.70828125
3.636140625,3.710390625
3.633328125,3.7009687500000004
3.6322031249999998,3.7125000000000004
3.6416250000000003,3.7012500000000004
3.63346875,3.7133437500000004
3.6307968750000006,3.712078125
3.6393750000000002,3.6990000000000003
3.6424687500000004,3.70659375
3.63375,3.69646875
3.641203125,3.708
3.63825,3.7025156249999998
3.637828125,3.70434375
3.6313593750000006,3.711515625
3.636984375,3.710390625
3.638953125,3.7015312500000004
3.6271406250000005,3.7002656250000006
3.63825,3.710390625
3.6307968750000006,3.70265625
3.639796875,3.6988593750000005
3.6399375000000003,3.710671875
3.6322031249999998,3.7161562500000005
3.637546875,3.704203125
3.6306562500000004,3.7074375
3.636984375,3.710671875
3.6320625,3.70603125
3.63375,3.7015312500000004
3.6407812500000003,3.710953125
3.63825,3.712359375
3.6315000000000004,3.7005468750000006
3.63403125,3.7144687500000004
3.634734375,3.7122187500000003
3.640078125,3.7005468750000006
3.6293906250000005,3.706734375
3.63571875,3.7127812500000004
3.632625,3.705328125
3.638109375,3.7025156249999998
3.642890625,3.710671875
3.635859375,3.7139062500000004
3.633609375,3.703921875
3.6278437500000003,3.7094062500000002
3.6306562500000004,3.706453125
3.6302343750000006,3.7011093750000006
3.6219375,3.705609375
3.6288281250000005,3.70828125
3.6310781250000006,3.712640625
3.62390625,3.7022343749999997
3.62503125,3.7155937500000005
3.625875,3.7139062500000004
3.6286875000000003,3.7001250000000003
3.6219375,3.7148906250000002
3.6303750000000004,3.7029375
3.6315000000000004,3.706171875
3.6257343750000004,3.703359375
3.6312187500000004,3.709828125
3.6300937500000003,3.712078125
3.623625,3.6966093750000004
3.6278437500000003,3.709828125
3.6241875,3.713765625
3.6220781250000003,3.7012500000000004
3.62025,3.7141875000000004
3.62334375,3.7154531250000002
3.62503125,3.703359375
3.6196875,3.7094062500000002
3.6285468750000005,3.70659375
3.6303750000000004,3.705046875
3.6248906250000004,3.713765625
3.62615625,3.704203125
3.6285468750000005,3.712921875
3.6265781250000004,3.707296875
3.6310781250000006,3.6988593750000005
3.6220781250000003,3.7127812500000004
3.6289687500000003,3.714046875
3.6324843749999998,3.7158750000000005
3.6296718750000005,3.7178437500000006
3.632625,3.709546875
3.63290625,3.7155937500000005
3.6274218750000005,3.711234375
3.6320625,3.710671875
3.6277031250000005,3.7150312500000005
3.6322031249999998,3.7122187500000003
3.6303750000000004,3.710953125
3.62334375,3.7099687500000003
3.62446875,3.7113750000000003
3.6230625,3.7136250000000004
3.619265625,3.713203125
3.6223593750000003,3.7094062500000002
3.6226406250000003,3.709828125
3.6272812500000002,3.7147500000000004
3.6278437500000003,3.710953125
3.6289687500000003,3.7148906250000002
3.6268593750000004,3.7130625000000004
3.6295312500000003,3.712921875
3.6246093750000004,3.7085625
3.6268593750000004,3.707578125
3.62503125,3.7125000000000004
3.6271406250000005,3.7116562500000003
3.62475,3.710671875
3.6254531250000004,3.7147500000000004
3.62503125,3.7147500000000004
3.6220781250000003,3.7170000000000005
3.62446875,3.70771875
3.6220781250000003,3.708984375
3.6254531250000004,3.710953125
3.6277031250000005,3.7133437500000004
3.6251718750000004,3.7155937500000005
3.6278437500000003,3.7091250000000002
3.6291093750000005,3.7155937500000005
3.6234843750000003,3.7096875000000002
3.6257343750000004,3.706734375
3.6286875000000003,3.7094062500000002
3.625875,3.7158750000000005
3.6271406250000005,3.7110937500000003
3.6292500000000003,3.7151718750000002
3.6260156250000004,3.7162968750000003
3.6275625000000002,3.703921875
3.6265781250000004,3.712359375
3.6232031250000003,3.6998437500000003
3.6298125000000003,3.7094062500000002
3.62475,3.710953125
3.6303750000000004,3.7030781249999998
3.62165625,3.7027968749999998
3.6277031250000005,3.7085625
3.6237656250000003,3.7119375000000003
3.618,3.703640625
3.6143437499999997,3.6998437500000003
3.616875,3.712359375
3.618,3.6987187500000003
3.608578125,3.6984375000000003
3.616453125,3.7019531250000006
3.61996875,3.704765625
3.6142031250000004,3.704484375
3.6208125,3.702375
3.617015625,3.7113750000000003
3.6215156250000002,3.7016718750000006
3.623625,3.710390625
3.6185625,3.6971718750000004
3.62165625,3.708421875
3.615890625,3.711234375
3.61715625,3.7008281250000006
3.6136406250000004,3.707578125
3.617578125,3.706734375
3.619265625,3.6995625000000003
3.6125156250000003,3.6990000000000003
3.6196875,3.704625
3.617859375,3.7094062500000002
3.6137812500000006,3.6984375000000003
3.6149062499999998,3.7102500000000003
3.618,3.714046875
3.620953125,3.6999843750000005
3.6146249999999998,3.704765625
3.620390625,3.7013906250000006
3.6241875,3.7096875000000002
3.618421875,3.6973125000000002
3.616875,3.70378125
3.615609375,3.708703125
3.61996875,3.7020937500000004
3.620390625,3.6982968750000005
3.61659375,3.7141875000000004
3.61828125,3.70434375
3.616734375,3.6997031250000005
3.6223593750000003,3.7027968749999998
3.6253125,3.6975937500000002
3.6243281250000003,3.704765625
3.6220781250000003,3.6995625000000003
3.6268593750000004,3.6994218750000005
3.620109375,3.7025156249999998
3.619828125,3.70828125
3.6125156250000003,3.6992812500000003
3.6142031250000004,3.709828125
3.6087187500000004,3.7116562500000003
3.6105468750000003,3.7025156249999998
3.6112500000000005,3.70490625
3.608578125,3.7091250000000002
3.614765625,3.6978750000000002
3.6105468750000003,3.6982968750000005
3.6151874999999998,3.705046875
3.6132187500000006,3.7008281250000006
3.61603125,3.6990000000000003
3.6099843750000002,3.7063125
3.6135000000000006,3.7119375000000003
3.615046875,3.7004062500000003
3.606046875,3.7008281250000006
3.6132187500000006,3.70378125
3.6146249999999998,3.707859375
3.609140625,3.6973125000000002
3.6073125000000004,3.7125000000000004
3.6087187500000004,3.7119375000000003
3.6095625000000005,3.7016718750000006
3.608578125,3.707578125
3.6125156250000003,3.70715625
3.614484375,3.7012500000000004
3.607453125,3.7006875000000004
3.6137812500000006,3.711515625
3.6095625000000005,3.7005468750000006
3.6133593750000004,3.6985781250000005
3.6140625000000006,3.708
3.6113906250000003,3.7110937500000003
3.6098437500000005,3.6995625000000003
3.6092812500000004,3.70771875
3.6115312500000005,3.7136250000000004
3.6132187500000006,3.7019531250000006
3.6067500000000003,3.70828125
3.6140625000000006,3.6982968750000005
3.614765625,3.7040625
3.6081562500000004,3.7016718750000006
3.616171875,3.70715625
3.6123750000000006,3.7006875000000004
3.61546875,3.6985781250000005
3.607171875,3.712359375
3.6047812500000003,3.713765625
3.602671875,3.6992812500000003
3.5956406250000006,3.7074375
3.598734375,3.6978750000000002
3.600140625,3.705609375
3.5960625000000004,3.711796875
3.601546875,3.70265625
3.600421875,3.70603125
3.602953125,3.7004062500000003
3.6050625000000003,3.709265625
3.60028125,3.6990000000000003
3.605203125,3.707859375
3.598734375,3.713203125
3.602390625,3.7008281250000006
3.5949375000000003,3.706453125
3.597890625,3.70771875
3.59690625,3.7013906250000006
3.5971875,3.7029375
3.5946562500000003,3.711796875
3.5945156250000005,3.7002656250000006
3.597890625,3.70771875
3.5943750000000003,3.708421875
3.59775,3.707578125
3.5947968750000006,3.7119375000000003
3.5959218750000006,3.7040625
3.5943750000000003,3.711515625
3.5994375,3.70434375
3.6,3.702375
3.5957812500000004,3.7004062500000003
3.601265625,3.707578125
3.599859375,3.7099687500000003
3.59775,3.6990000000000003
3.5970468749999998,3.70715625
3.6,3.713765625
3.60084375,3.7018125000000004
3.5976093749999998,3.705609375
3.602671875,3.7027968749999998
3.604640625,3.707296875
3.60028125,3.70575
3.604078125,3.70321875
3.59746875,3.7105312500000003
3.598453125,3.706875
3.5945156250000005,3.709546875
3.5894531250000004,3.703359375
3.585234375,3.706453125
3.5891718750000003,3.7051875
3.58903125,3.7018125000000004
3.5888906250000003,3.7099687500000003
3.58790625,3.7002656250000006
3.5928281250000005,3.7085625
3.5935312500000003,3.711515625
3.5960625000000004,3.7018125000000004
3.5955000000000004,3.710671875
3.5949375000000003,3.7015312500000004
3.5959218750000006,3.7110937500000003
3.5949375000000003,3.7051875
3.5957812500000004,3.6991406250000005
3.5891718750000003,3.6995625000000003
3.5917031250000004,3.7074375
3.58875,3.7074375
3.5877656250000003,3.7002656250000006
3.5918437500000002,3.706453125
3.5880468750000003,3.7116562500000003
3.5918437500000002,3.7085625
3.5880468750000003,3.7125000000000004
3.59128125,3.703640625
3.5891718750000003,3.708140625
3.5947968750000006,3.7022343749999997
3.5955000000000004,3.703921875
3.5919843750000005,3.6999843750000005
3.59690625,3.70715625
3.5960625000000004,3.7102500000000003
3.5928281250000005,3.6949218750000004
3.5926875000000003,3.706875
3.5959218750000006,3.7001250000000003
3.5921250000000002,3.709546875
3.5964843750000006,3.7102500000000003
3.5949375000000003,3.703359375
3.5971875,3.7113750000000003
3.5959218750000006,3.70771875
3.60028125,3.6981562500000003
3.5960625000000004,3.710953125
3.59915625,3.705609375
3.5963437500000004,3.7099687500000003
3.58959375,3.6975937500000002
3.58734375,3.70378125
3.5859375,3.6987187500000003
3.5825625,3.706171875
3.582,3.710109375
3.584953125,3.7099687500000003
3.580875,3.707015625
3.58453125,3.7022343749999997
3.582984375,3.711234375
3.5869218750000003,3.706875
3.5880468750000003,3.7102500000000003
3.585515625,3.70321875
3.58425,3.706734375
3.58846875,3.7116562500000003
3.5877656250000003,3.6997031250000005
3.58453125,3.7116562500000003
3.584390625,3.7013906250000006
3.5865,3.7099687500000003
3.582421875,3.70546875
3.58509375,3.6999843750000005
3.580453125,3.6991406250000005
3.584953125,3.705046875
3.585375,3.710671875
3.58340625,3.6974531250000005
3.58284375,3.7113750000000003
3.58396875,3.713203125
3.5865,3.70321875
3.5880468750000003,3.7102500000000003
3.585515625,3.704625
3.58734375,3.709546875
3.58509375,3.7094062500000002
3.58903125,3.7015312500000004
3.58509375,3.708703125
3.5891718750000003,3.706875
3.5915625,3.709265625
3.5874843750000003,3.69646875
3.5869218750000003,3.713203125
3.58790625,3.7110937500000003
3.5886093750000003,3.7016718750000006
3.58903125,3.708
3.5893125,3.7113750000000003
3.58875,3.7020937500000004
3.5797499999999998,3.6991406250000005
3.581015625,3.704203125
3.5787656250000004,3.708421875
3.5749687500000005,3.6997031250000005
3.5724375000000004,3.7102500000000003
3.5753906250000003,3.709546875
3.5765156250000003,3.70603125
3.58059375,3.6991406250000005
3.58228125,3.7022343749999997
3.58284375,3.706875
3.579328125,3.710953125
3.58059375,3.7022343749999997
3.581296875,3.711234375
3.581296875,3.6998437500000003
3.58340625,3.706734375
3.5790468750000004,3.6991406250000005
3.581015625,3.707296875
3.5779218750000004,3.7102500000000003
3.5770781250000003,3.7019531250000006
3.5741250000000004,3.708140625
3.5775000000000006,3.70378125
3.5782031250000004,3.7029375
3.5755312500000005,3.713765625
3.5791874999999997,3.7030781249999998
3.58115625,3.7105312500000003
3.5784843750000004,3.7040625
3.581296875,3.703921875
3.5772187500000006,3.6995625000000003
3.580734375,3.7125000000000004
3.579890625,3.714328125
3.58059375,3.7110937500000003
3.580453125,3.7113750000000003
3.58059375,3.7125000000000004
3.579328125,3.7105312500000003
3.5779218750000004,3.7160156250000003
3.5814375,3.709828125
3.581859375,3.7127812500000004
3.58115625,3.707015625
3.58425,3.7094062500000002
3.5825625,3.708421875
3.58453125,3.712078125
3.581578125,3.710390625
3.5776406250000004,3.7108125000000003
3.571734375,3.7099687500000003
3.56821875,3.7122187500000003
3.5668125,3.712078125
3.5645625,3.7147500000000004
3.56653125,3.70884375
3.5690625000000002,3.712078125
3.569765625,3.706453125
3.5707500000000003,3.713484375
3.571453125,3.7035
3.5693437500000003,3.7122187500000003
3.570328125,3.7096875000000002
3.571453125,3.703359375
3.5668125,3.7035
3.56540625,3.710953125
3.56371875,3.712640625
3.564,3.710109375
3.562734375,3.7051875
3.5602031250000006,3.705609375
3.56203125,3.7099687500000003
3.56371875,3.704203125
3.562875,3.7154531250000002
3.564984375,3.6995625000000003
3.56625,3.70771875
3.563578125,3.69675
3.56596875,3.70490625
3.5618906249999998,3.709546875
3.56484375,3.69675
3.5610468750000006,3.703359375
3.564,3.6991406250000005
3.565125,3.70546875
3.5634375,3.6963281250000004
3.564,3.70434375
3.564421875,3.7008281250000006
3.564703125,3.7015312500000004
3.5616093749999997,3.709828125
3.5623125,3.7141875000000004
3.564703125,3.7030781249999998
3.5621718749999998,3.7020937500000004
3.567515625,3.6999843750000005
3.569484375,3.706734375
3.567234375,3.70884375
3.565546875,3.702375
3.5595000000000003,3.710671875
3.5559843750000004,3.7004062500000003
3.55359375,3.707578125
3.549515625,3.6995625000000003
3.55134375,3.707296875
3.548390625,3.713765625
3.55190625,3.70321875
3.5514843750000002,3.704203125
3.55584375,3.6977343750000005
3.5582343750000005,3.70321875
3.5559843750000004,3.6980156250000005
3.5609062500000004,3.709828125
3.5590781250000005,3.7105312500000003
3.5582343750000005,3.7019531250000006
3.5562656250000004,3.707578125
3.5576718750000005,3.70659375
3.5571093750000005,3.6999843750000005
3.5517656250000003,3.7004062500000003
3.5545781250000004,3.707296875
3.5533125,3.7096875000000002
3.5510625,3.6994218750000005
3.5523281250000003,3.708703125
3.55528125,3.7108125000000003
3.5580937500000003,3.6971718750000004
3.5548593750000004,3.703640625
3.5593593750000005,3.703921875
3.5604843750000006,3.7105312500000003
3.5576718750000005,3.6973125000000002
3.5596406250000006,3.7035
3.5613281250000006,3.7005468750000006
3.5599218750000006,3.7051875
3.5579531250000005,3.7119375000000003
3.5623125,3.7029375
3.563015625,3.7012500000000004
3.5603437500000004,3.7009687500000004
3.56428125,3.7085625
3.564984375,3.710671875
3.56259375,3.6973125000000002
3.563296875,3.7096875000000002
3.564703125,3.708984375
3.563015625,3.6995625000000003
3.55415625,3.7019531250000006
3.5531718750000003,3.7013906250000006
3.550359375,3.706734375
3.54515625,3.6978750000000002
3.544453125,3.709828125
3.5454375,3.7130625000000004
3.548953125,3.7009687500000004
3.547125,3.705890625
3.5510625,3.70828125
3.5499375,3.7040625
3.5523281250000003,3.6984375000000003
3.5555625,3.7094062500000002
3.55415625,3.7108125000000003
3.55246875,3.7022343749999997
3.550640625,3.7063125
3.5517656250000003,3.7063125
3.5512031250000002,3.6975937500000002
3.546140625,3.6984375000000003
3.54853125,3.70265625
3.5488125,3.705890625
3.544734375,3.6943593750000003
3.547125,3.703359375
3.548671875,3.7025156249999998
3.5488125,3.705046875
3.547828125,3.709828125
3.551625,3.7025156249999998
3.5520468750000003,3.7022343749999997
3.54965625,3.6992812500000003
3.5533125,3.7085625
3.5520468750000003,3.710390625
3.550640625,3.70321875
3.5534531250000003,3.70603125
3.5517656250000003,3.70321875
3.5540156250000003,3.708984375
3.5526093750000003,3.7108125000000003
3.55275,3.7001250000000003
3.5526093750000003,3.7116562500000003
3.5544375,3.711515625
3.5579531250000005,3.6985781250000005
3.5545781250000004,3.707578125
3.5571093750000005,3.70603125
3.55275,3.7094062500000002
3.547546875,3.7020937500000004
3.545296875,3.703921875
3.5426250000000006,3.707296875
3.536859375,3.6940781250000003
3.5391093750000002,3.70265625
3.537140625,3.705046875
3.5393906250000002,3.6995625000000003
3.5381250000000004,3.7004062500000003
3.5413593750000003,3.7029375
3.538265625,3.70828125
3.5400937500000005,3.7094062500000002
3.5409375000000005,3.70434375
3.5422031250000003,3.70884375
3.5416406250000003,3.6990000000000003
3.5406562500000005,3.7009687500000004
3.5353125000000003,3.6978750000000002
3.536296875,3.7085625
3.5336250000000002,3.708703125
3.531375,3.6987187500000003
3.531515625,3.708703125
3.534609375,3.70884375
3.5358750000000003,3.6973125000000002
3.5319375,3.7006875000000004
3.5367187500000004,3.70546875
3.537984375,3.708984375
3.534890625,3.6978750000000002
3.536296875,3.70321875
3.5370000000000004,3.7012500000000004
3.5339062500000002,3.7063125
3.531375,3.7085625
3.534328125,3.6984375000000003
3.534046875,3.703640625
3.5308125,3.69675
3.531796875,3.710390625
3.531375,3.710390625
3.530953125,3.7018125000000004
3.529828125,3.7099687500000003
3.5325,3.706453125
3.533484375,3.6975937500000002
3.53109375,3.6980156250000005
3.534890625,3.7025156249999998
3.5353125000000003,3.7051875
3.53025,3.69646875
3.52715625,3.707859375
3.5233593750000005,3.7001250000000003
3.51646875,3.70828125
3.51084375,3.7016718750000006
3.512953125,3.70378125
3.512953125,3.705890625
3.509578125,3.7119375000000003
3.513515625,3.7011093750000006
3.510984375,3.7096875000000002
3.514078125,3.7020937500000004
3.515203125,3.706453125
3.511828125,3.6984375000000003
3.513515625,3.708421875
3.51028125,3.711796875
3.511265625,3.7013906250000006
3.5077500000000006,3.703640625
3.5091562499999998,3.706875
3.5067656250000003,3.706875
3.5062031250000003,3.6982968750000005
3.5077500000000006,3.707015625
3.5069062500000006,3.7096875000000002
3.5045156250000002,3.6975937500000002
3.5038125000000004,3.704484375
3.5063437500000005,3.6995625000000003
3.5049375000000005,3.7091250000000002
3.5038125000000004,3.7009687500000004
3.5067656250000003,3.6974531250000005
3.5063437500000005,3.7013906250000006
3.5039531250000002,3.7005468750000006
3.5043750000000005,3.703359375
3.502265625,3.7025156249999998
3.5026875000000004,3.7025156249999998
3.500578125,3.70378125
3.503109375,3.706171875
3.5056406250000003,3.7008281250000006
3.5053593750000003,3.6990000000000003
3.5105625,3.7030781249999998
3.5145,3.708703125
3.515203125,3.6960468750000004
3.5163281250000002,3.7063125
3.5199843750000004,3.7005468750000006
3.5199843750000004,3.705890625
3.5208281250000004,3.702375
3.51703125,3.6926718750000003
3.51084375,3.70378125
3.5043750000000005,3.7102500000000003
3.5032500000000004,3.709828125
3.502546875,3.7013906250000006
3.5039531250000002,3.708140625
3.5042343750000002,3.70434375
3.5066250000000005,3.6990000000000003
3.5042343750000002,3.6984375000000003
3.5076093750000004,3.70715625
3.5049375000000005,3.6988593750000005
3.5059218750000003,3.6961875
3.5045156250000002,3.707859375
3.5029687500000004,3.7125000000000004
3.5032500000000004,3.7011093750000006
3.49790625,3.704484375
3.4987500000000002,3.6980156250000005
3.497625,3.704484375
3.494953125,3.69646875
3.496640625,3.708421875
3.496921875,3.7105312500000003
3.49790625,3.7016718750000006
3.4981875000000002,3.709546875
3.5026875000000004,3.704625
3.5045156250000002,3.7008281250000006
3.502546875,3.711515625
3.5057812500000005,3.7025156249999998
3.5071875000000006,3.709828125
3.5078906250000004,3.6992812500000003
3.5097187499999998,3.705890625
3.5081718750000004,3.69534375
3.51084375,3.70828125
3.51084375,3.711515625
3.5128125,3.6985781250000005
3.514921875,3.70884375
3.513796875,3.7029375
3.514078125,3.70771875
3.51140625,3.714046875
3.51421875,3.7015312500000004
3.510984375,3.709828125
3.513796875,3.7002656250000006
3.514359375,3.70575
3.510421875,3.6949218750000004
3.5043750000000005,3.7119375000000003
3.500296875,3.710390625
3.495234375,3.7015312500000004
3.4907343750000006,3.708984375
3.4905937500000004,3.705328125
3.4907343750000006,3.70828125
3.4904531250000006,3.7130625000000004
3.492421875,3.7085625
3.493125,3.708703125
3.492984375,3.714046875
3.494109375,3.709828125
3.49453125,3.70715625
3.49509375,3.709546875
3.493265625,3.708703125
3.493546875,3.711234375
3.493265625,3.7119375000000003
3.4915781249999998,3.7096875000000002
3.49171875,3.7096875000000002
3.49228125,3.711515625
3.4911562500000004,3.70378125
3.4914375,3.7113750000000003
3.492421875,3.708703125
3.4948125,3.708421875
3.49425,3.714046875
3.494390625,3.6994218750000005
3.492984375,3.7085625
3.496078125,3.7063125
3.4965,3.7005468750000006
3.49396875,3.712078125
3.496078125,3.7019531250000006
3.495796875,3.710390625
3.49621875,3.6987187500000003
3.497625,3.7040625
3.496640625,3.69703125
3.4987500000000002,3.707859375
3.496921875,3.7139062500000004
3.498609375,3.7012500000000004
3.496640625,3.7094062500000002
3.498046875,3.703640625
3.496921875,3.710390625
3.496359375,3.6990000000000003
3.4998750000000003,3.706171875
3.4987500000000002,3.708703125
3.4915781249999998,3.69421875
3.4865156250000005,3.705046875
3.4834218750000003,3.7125000000000004
3.483,3.6987187500000003
3.480046875,3.709265625
3.48103125,3.6952031250000004
3.4851093750000004,3.7008281250000006
3.4834218750000003,3.703359375
3.4848281250000004,3.709265625
3.48609375,3.703640625
3.4869375000000002,3.7091250000000002
3.4837031250000003,3.69703125
3.4856718750000004,3.7018125000000004
3.48328125,3.709828125
3.4839843750000004,3.6982968750000005
3.478921875,3.705890625
3.479203125,3.703921875
3.478640625,3.6977343750000005
3.480046875,3.6991406250000005
3.477515625,3.708140625
3.478359375,3.69703125
3.476671875,3.708140625
3.478359375,3.70434375
3.478921875,3.69646875
3.477515625,3.7096875000000002
3.48103125,3.6991406250000005
3.4814531250000003,3.7016718750000006
3.4817343750000003,3.6982968750000005
3.479765625,3.70490625
3.4811718750000002,3.6992812500000003
3.4846875,3.70659375
3.48215625,3.6990000000000003
3.4842656250000004,3.711234375
3.48328125,3.711234375
3.4846875,3.7116562500000003
3.4858125,3.6981562500000003
3.48440625,3.7094062500000002
3.4856718750000004,3.708140625
3.4880625000000003,3.6975937500000002
3.4845468750000004,3.705328125
3.4869375000000002,3.702375
3.4882031250000005,3.6980156250000005
3.4884843750000005,3.704765625
3.4848281250000004,3.6982968750000005
3.4845468750000004,3.6994218750000005
3.477796875,3.710109375
3.4734375000000006,3.6978750000000002
3.4687968750000002,3.703359375
3.467953125,3.6957656250000004
3.4709062500000005,3.6999843750000005
3.4703437500000005,3.706171875
3.4734375000000006,3.7019531250000006
3.4745624999999998,3.711234375
3.476390625,3.703640625
3.47625,3.6968906250000004
3.475125,3.710390625
3.47709375,3.6988593750000005
3.478640625,3.6946406250000003
3.475125,3.706171875
3.475265625,3.707859375
3.47653125,3.6974531250000005
3.4735781250000004,3.706875
3.4730156250000004,3.708984375
3.4735781250000004,3.7096875000000002
3.4732968750000004,3.7040625
3.475828125,3.69703125
3.478078125,3.7013906250000006
3.477515625,3.6971718750000004
3.480046875,3.6977343750000005
3.478078125,3.7085625
3.477515625,3.7020937500000004
3.4806093750000002,3.6990000000000003
3.4801875,3.7025156249999998
3.48046875,3.6963281250000004
3.479625,3.7102500000000003
3.480328125,3.708984375
3.479484375,3.7012500000000004
3.479203125,3.7105312500000003
3.4806093750000002,3.70884375
3.48328125,3.6984375000000003
3.480046875,3.704625
3.4834218750000003,3.7008281250000006
3.4856718750000004,3.6952031250000004
3.4837031250000003,3.708984375
3.48496875,3.710390625
3.4842656250000004,3.70771875
3.4806093750000002,3.70434375
3.4734375000000006,3.710109375
3.4700625000000005,3.70434375
3.4686562500000004,3.709265625
3.465984375,3.6973125000000002
3.4689375000000005,3.6995625000000003
3.4718906250000003,3.69675
3.4732968750000004,3.6918281250000002
3.4717500000000006,3.70603125
3.4720312500000006,3.70828125
3.4732968750000004,3.703359375
3.4716093750000003,3.70434375
3.474703125,3.6973125000000002
3.47540625,3.70321875
3.4731562500000006,3.69478125
3.4695000000000005,3.707859375
3.4704843750000003,3.7011093750000006
3.4696406250000003,3.7009687500000004
3.467671875,3.711515625
3.4695000000000005,3.70265625
3.4678125000000004,3.7102500000000003
3.467671875,3.7020937500000004
3.4724531250000004,3.7020937500000004
3.474421875,3.708140625
3.4724531250000004,3.69590625
3.4716093750000003,3.7030781249999998
3.4725937500000006,3.709265625
3.474421875,3.70575
3.4731562500000006,3.70828125
3.4742812499999998,3.70378125
3.475125,3.7074375
3.4742812499999998,3.7022343749999997
3.476671875,3.6977343750000005
3.47821875,3.7025156249999998
3.477796875,3.6984375000000003
3.4811718750000002,3.7012500000000004
3.4811718750000002,3.7015312500000004
3.4814531250000003,3.7025156249999998
3.48103125,3.6966093750000004
3.48328125,3.7008281250000006
3.4835625,3.7027968749999998
3.4811718750000002,3.7099687500000003
3.4808906250000002,3.7011093750000006
3.4745624999999998,3.705046875
3.466828125,3.7035
3.465421875,3.6987187500000003
3.464015625,3.7040625
3.461203125,3.6971718750000004
3.461765625,3.706734375
3.464578125,3.707578125
3.4650000000000003,3.6968906250000004
3.464859375,3.7094062500000002
3.465421875,3.712640625
3.4669687500000004,3.7015312500000004
3.465421875,3.707015625
3.467109375,3.6981562500000003
3.4680937500000004,3.6984375000000003
3.464578125,3.6940781250000003
3.4666875000000004,3.6985781250000005
3.465984375,3.7008281250000006
3.4661250000000003,3.6940781250000003
3.4630312500000002,3.708421875
3.46275,3.7094062500000002
3.4644375000000003,3.70828125
3.4641562500000003,3.7018125000000004
3.465984375,3.7040625
3.465984375,3.69646875
3.465703125,3.706734375
3.467390625,3.7105312500000003
3.467671875,3.70828125
3.4664062500000004,3.70434375
3.4687968750000002,3.6982968750000005
3.4714687500000005,3.6981562500000003
3.4717500000000006,3.6949218750000004
3.4702031250000003,3.7025156249999998
3.4717500000000006,3.706734375
3.4714687500000005,3.7027968749999998
3.4707656250000003,3.7116562500000003
3.4716093750000003,3.703359375
3.4725937500000006,3.709546875
3.4711875000000005,3.6975937500000002
3.4735781250000004,3.6999843750000005
3.4735781250000004,3.6990000000000003
3.474140625,3.69703125
3.4713281250000003,3.7102500000000003
3.4731562500000006,3.6992812500000003
3.467671875,3.709265625
3.462328125,3.6982968750000005
3.45909375,3.707578125
3.4524843750000005,3.706453125
3.4531875000000003,3.7025156249999998
3.45009375,3.706875
3.4524843750000005,3.7012500000000004
3.4560000000000004,3.6995625000000003
3.4557187500000004,3.7051875
3.45684375,3.70771875
3.4564218749999998,3.7096875000000002
3.4561406249999997,3.7018125000000004
3.45825,3.6991406250000005
3.459515625,3.7025156249999998
3.457828125,3.70434375
3.4550156250000006,3.6971718750000004
3.45628125,3.6981562500000003
3.4543125000000003,3.6980156250000005
3.4498125,3.711234375
3.4513593750000005,3.7002656250000006
3.4491093750000004,3.7102500000000003
3.44925,3.7040625
3.4534687500000003,3.6992812500000003
3.4544531250000006,3.70771875
3.4513593750000005,3.6961875
3.4540312500000003,3.6992812500000003
3.4520625000000003,3.708421875
3.450375,3.7006875000000004
3.4530468750000005,3.70884375
3.4526250000000003,3.7040625
3.4524843750000005,3.6980156250000005
3.4547343750000006,3.707015625
3.4547343750000006,3.709828125
3.4552968750000006,3.703359375
3.4540312500000003,3.7035
3.4551562500000004,3.7091250000000002
3.4544531250000006,3.7096875000000002
3.4558593750000006,3.6984375000000003
3.4588125,3.6961875
3.459234375,3.7011093750000006
3.457546875,3.6949218750000004
3.4534687500000003,3.7102500000000003
3.4502343750000004,3.6990000000000003
3.44615625,3.7091250000000002
3.440671875,3.6971718750000004
3.442078125,3.704765625
3.44053125,3.708984375
3.440953125,3.7113750000000003
3.444046875,3.6978750000000002
3.445171875,3.7108125000000003
3.44784375,3.6999843750000005
3.45065625,3.7027968749999998
3.44840625,3.704484375
3.4493906250000004,3.7011093750000006
3.448125,3.7018125000000004
3.4491093750000004,3.7091250000000002
3.4475625,3.7013906250000006
3.4468593750000003,3.713484375
3.44559375,3.70771875
3.44615625,3.705609375
3.445875,3.711234375
3.445171875,3.7127812500000004
3.4465781250000003,3.70659375
3.44615625,3.70603125
3.4471406250000003,3.7102500000000003
3.4479843750000003,3.7099687500000003
3.4482656250000003,3.7110937500000003
3.4471406250000003,3.708984375
3.4486875,3.709828125
3.44840625,3.70828125
3.4493906250000004,3.707015625
3.4519218750000005,3.711515625
3.4522031250000005,3.712921875
3.4538906250000005,3.70715625
3.4555781250000006,3.7119375000000003
3.4560000000000004,3.70828125
3.4569843749999998,3.707015625
3.45825,3.70659375
3.4588125,3.70771875
3.457828125,3.7113750000000003
3.4538906250000005,3.703921875
3.4464375,3.70490625
3.44221875,3.707296875
3.4380000000000006,3.70771875
3.4346250000000005,3.705328125
3.4360312500000005,3.70771875
3.4368750000000006,3.7063125
3.4367343750000003,3.70603125
3.439828125,3.704203125
3.4408125,3.7094062500000002
3.4394062499999998,3.714609375
3.4388437499999998,3.707859375
3.43996875,3.7102500000000003
3.4388437499999998,3.705609375
3.440671875,3.7027968749999998
3.438984375,3.705890625
3.4396875,3.705890625
3.439265625,3.7099687500000003
3.4378593750000004,3.7110937500000003
3.438421875,3.70490625
3.4374375000000006,3.7102500000000003
3.4388437499999998,3.706875
3.44053125,3.705609375
3.4396875,3.70490625
3.44053125,3.704203125
3.441796875,3.703640625
3.44025,3.703359375
3.44221875,3.708703125
3.44278125,3.707296875
3.442078125,3.7063125
3.441375,3.708140625
3.442640625,3.7085625
3.44109375,3.7125000000000004
3.441515625,3.70321875
3.441796875,3.707296875
3.443625,3.710390625
3.445171875,3.70659375
3.445875,3.7119375000000003
3.4465781250000003,3.7035
3.444046875,3.707015625
3.4394062499999998,3.707015625
3.4350468750000003,3.710390625
3.430265625,3.704484375
3.42759375,3.706875
3.4298437500000003,3.7091250000000002
3.4304062500000003,3.710671875
3.432796875,3.704625
3.430828125,3.708421875
3.4309687500000003,3.708
3.4340625000000005,3.6988593750000005
3.430828125,3.702375
3.4329375000000004,3.6997031250000005
3.4346250000000005,3.6957656250000004
3.4340625000000005,3.6928125
3.4306875000000003,3.70434375
3.431109375,3.710390625
3.433078125,3.70434375
3.4309687500000003,3.70490625
3.4320937500000004,3.7030781249999998
3.431390625,3.7085625
3.429984375,3.70884375
3.429984375,3.703921875
3.431390625,3.7051875
3.430265625,3.703921875
3.430265625,3.6940781250000003
3.428296875,3.710671875
3.429421875,3.709265625
3.430828125,3.7012500000000004
3.430265625,3.7119375000000003
3.432515625,3.708140625
3.4339218750000002,3.6990000000000003
3.4336406250000002,3.7091250000000002
3.433359375,3.7004062500000003
3.4367343750000003,3.70575
3.4347656250000003,3.704765625
3.4370156250000004,3.6973125000000002
3.4344843750000003,3.6982968750000005
3.4368750000000006,3.7001250000000003
3.438421875,3.70828125
3.4347656250000003,3.7012500000000004
3.4342031250000002,3.6992812500000003
3.428578125,3.706875
3.42478125,3.70575
3.4178906250000005,3.70378125
3.4139531250000004,3.69675
3.4131093750000003,3.7015312500000004
3.4162031250000005,3.707859375
3.41465625,3.6940781250000003
3.4153593750000004,3.70434375
3.4173281250000005,3.705609375
3.4169062500000003,3.7013906250000006
3.4156406250000004,3.7096875000000002
3.4163437500000002,3.702375
3.4156406250000004,3.6960468750000004
3.4181718750000005,3.7025156249999998
3.41465625,3.6985781250000005
3.4155,3.6932343750000003
3.41184375,3.710953125
3.41071875,3.712921875
3.4125468750000003,3.7011093750000006
3.4104375,3.705609375
3.4119843750000003,3.7009687500000004
3.4136718750000004,3.7025156249999998
3.41353125,3.6971718750000004
3.4156406250000004,3.7005468750000006
3.4153593750000004,3.70321875
3.4173281250000005,3.6971718750000004
3.4150781250000004,3.7113750000000003
3.4156406250000004,3.705046875
3.41578125,3.7108125000000003
3.4155,3.6992812500000003
3.4178906250000005,3.6992812500000003
3.4192968750000006,3.695625
3.4173281250000005,3.69478125
3.4173281250000005,3.7030781249999998
3.4200000000000004,3.705046875
3.42140625,3.7018125000000004
3.421125,3.709546875
3.42253125,3.705328125
3.423515625,3.7094062500000002
3.4239375,3.6952031250000004
3.424640625,3.6963281250000004
3.4198593750000006,3.6987187500000003
3.41521875,3.693375
3.40875,3.711796875
3.408046875,3.703921875
3.408890625,3.69703125
3.409171875,3.704625
3.41071875,3.702375
3.41325,3.695625
3.4156406250000004,3.6997031250000005
3.4153593750000004,3.70603125
