ch1,ch2,ch3,ch4,ch5,ch6,ch7,ch8
0.2458125,-0.00014062500000000002,-0.00014062500000000002,-0.00028125000000000003,0.0,0.0,0.0,0.0
0.24525000000000002,-0.00028125000000000003,-0.00028125000000000003,-0.00028125000000000003,0.0,0.0,0.0,0.0
0.245953125,-0.00014062500000000002,-0.00014062500000000002,-0.00028125000000000003,0.0,0.0,0.0,0.0
0.246375,-0.00014062500000000002,-0.00028125000000000003,-0.00028125000000000003,0.0,0.0,0.0,0.0
0.2458125,-0.00014062500000000002,-0.00028125000000000003,-0.00028125000000000003,0.0,0.0,0.0,0.0
0.24609375,-0.00028125000000000003,-0.00028125000000000003,-0.00028125000000000003,0.0,0.0,0.0,0.0
0.246234375,-0.00028125000000000003,-0.00028125000000000003,-0.00028125000000000003,0.0,0.0,0.0,0.0
0.2458125,-0.00028125000000000003,-0.00028125000000000003,-0.00028125000000000003,0.0,0.0,0.0,0.0
0.2458125,-0.00014062500000000002,-0.00028125000000000003,-0.00028125000000000003,0.0,0.0,0.0,0.0
0.24553125000000003,-0.00028125000000000003,-0.00028125000000000003,-0.00028125000000000003,0.0,0.0,0.0,0.0
0.244828125,-0.00028125000000000003,-0.00028125000000000003,-0.00028125000000000003,0.0,0.0,0.0,0.0
0.24426562500000001,-0.00028125000000000003,-0.00028125000000000003,-0.00028125000000000003,0.0,0.0,0.0,0.0
0.24426562500000001,-0.00028125000000000003,-0.00028125000000000003,-0.00028125000000000003,0.0,0.0,0.0,0.0
0.24440625000000002,-0.00014062500000000002,-0.00028125000000000003,-0.00028125000000000003,0.0,0.0,0.0,0.0
0.243984375,-0.00028125000000000003,-0.00028125000000000003,-0.00028125000000000003,0.0,0.0,0.0,0.0
0.2446875,-0.00028125000000000003,-0.00028125000000000003,-0.00028125000000000003,0.0,0.0,0.0,0.0
0.2446875,-0.00028125000000000003,-0.00028125000000000003,-0.00028125000000000003,0.0,0.0,0.0,0.0
0.24440625000000002,-0.00028125000000000003,-0.00028125000000000003,-0.00028125000000000003,0.0,0.0,0.0,0.0
0.24426562500000001,-0.00014062500000000002,-0.00028125000000000003,-0.00028125000000000003,0.0,0.0,0.0,0.0
0.24510937500000002,-0.00028125000000000003,-0.00028125000000000003,-0.00028125000000000003,0.0,0.0,0.0,0.0
0.2446875,-0.00028125000000000003,-0.00028125000000000003,-0.00028125000000000003,0.0,0.0,0.0,0.0
0.24426562500000001,-0.00014062500000000002,-0.00028125000000000003,-0.00028125000000000003,0.0,0.0,0.0,0.0
0.24454687500000002,-0.00028125000000000003,-0.00028125000000000003,-0.00028125000000000003,0.0,0.0,0.0,0.0
0.24496875,-0.00028125000000000003,-0.00028125000000000003,-0.00042187500000000005,0.0,0.0,0.0,0.0
0.24510937500000002,-0.00028125000000000003,-0.00028125000000000003,-0.00028125000000000003,0.0,0.0,0.0,0.0
0.24510937500000002,-0.00028125000000000003,-0.00028125000000000003,-0.00028125000000000003,0.0,0.0,0.0,0.0
0.24510937500000002,-0.00014062500000000002,-0.00028125000000000003,-0.00028125000000000003,0.0,0.0,0.0,0.0
0.24510937500000002,-0.00028125000000000003,-0.00028125000000000003,-0.00028125000000000003,0.0,0.0,0.0,0.0
0.2446875,-0.00014062500000000002,-0.00028125000000000003,-0.00028125000000000003,0.0,0.0,0.0,0.0
0.24539062500000003,-0.00014062500000000002,-0.00014062500000000002,-0.00028125000000000003,0.0,0.0,0.0,0.0
0.2446875,-0.00014062500000000002,-0.00028125000000000003,-0.00028125000000000003,0.0,0.0,0.0,0.0
0.243703125,-0.00014062500000000002,-0.00028125000000000003,-0.00028125000000000003,0.0,0.0,0.0,0.0
0.2435625,-0.00014062500000000002,-0.00028125000000000003,-0.00028125000000000003,0.0,0.0,0.0,0.0
0.243703125,-0.00014062500000000002,-0.00014062500000000002,-0.00028125000000000003,0.0,0.0,0.0,0.0
0.24328125000000003,-0.00028125000000000003,-0.00028125000000000003,-0.00028125000000000003,0.0,0.0,0.0,0.0
0.24328125000000003,-0.00028125000000000003,-0.00028125000000000003,-0.00014062500000000002,0.0,0.0,0.0,0.0
0.24384375,-0.00028125000000000003,-0.00028125000000000003,-0.00028125000000000003,0.0,0.0,0.0,0.0
0.243703125,-0.00028125000000000003,-0.00028125000000000003,-0.00028125000000000003,0.0,0.0,0.0,0.0
0.24342187500000004,-0.00014062500000000002,-0.00014062500000000002,-0.00028125000000000003,0.0,0.0,0.0,0.0
0.24384375,-0.00028125000000000003,-0.00028125000000000003,-0.00028125000000000003,0.0,0.0,0.0,0.0
0.2435625,-0.00028125000000000003,-0.00028125000000000003,-0.00028125000000000003,0.0,0.0,0.0,0.0
0.24342187500000004,-0.00014062500000000002,-0.00028125000000000003,-0.00028125000000000003,0.0,0.0,0.0,0.0
0.2435625,-0.00028125000000000003,-0.00028125000000000003,-0.00028125000000000003,0.0,0.0,0.0,0.0
0.24384375,-0.00028125000000000003,-0.00028125000000000003,-0.00028125000000000003,0.0,0.0,0.0,0.0
0.243703125,-0.00014062500000000002,-0.00028125000000000003,-0.00028125000000000003,0.0,0.0,0.0,0.0
0.243703125,-0.00028125000000000003,-0.00028125000000000003,-0.00028125000000000003,0.0,0.0,0.0,0.0
0.24440625000000002,-0.00028125000000000003,-0.00028125000000000003,-0.00028125000000000003,0.0,0.0,0.0,0.0
0.24426562500000001,-0.00014062500000000002,-0.00028125000000000003,-0.00028125000000000003,0.0,0.0,0.0,0.0
0.24525000000000002,-0.00014062500000000002,-0.00028125000000000003,-0.00028125000000000003,0.0,0.0,0.0,0.0
0.24525000000000002,-0.00014062500000000002,-0.00028125000000000003,-0.00028125000000000003,0.0,0.0,0.0,0.0
0.244125,-0.00014062500000000002,-0.00014062500000000002,-0.00028125000000000003,0.0,0.0,0.0,0.0
0.24440625000000002,-0.00028125000000000003,-0.00028125000000000003,-0.00028125000000000003,0.0,0.0,0.0,0.0
0.2435625,-0.00028125000000000003,-0.00028125000000000003,-0.00028125000000000003,0.0,0.0,0.0,0.0
0.24314062500000003,-0.00028125000000000003,-0.00028125000000000003,-0.00028125000000000003,0.0,0.0,0.0,0.0
0.243703125,-0.00014062500000000002,-0.00028125000000000003,-0.00028125000000000003,0.0,0.0,0.0,0.0
0.2435625,-0.00014062500000000002,-0.00028125000000000003,-0.00028125000000000003,0.0,0.0,0.0,0.0
0.24440625000000002,-0.00014062500000000002,-0.00028125000000000003,-0.00028125000000000003,0.0,0.0,0.0,0.0
0.244125,-0.00028125000000000003,-0.00028125000000000003,-0.00028125000000000003,0.0,0.0,0.0,0.0
0.24384375,-0.00014062500000000002,-0.00028125000000000003,-0.00028125000000000003,0.0,0.0,0.0,0.0
0.2435625,-0.00014062500000000002,-0.00028125000000000003,-0.00028125000000000003,0.0,0.0,0.0,0.0
0.24454687500000002,-0.00028125000000000003,-0.00028125000000000003,-0.00028125000000000003,0.0,0.0,0.0,0.0
0.24384375,-0.00014062500000000002,-0.00028125000000000003,-0.00028125000000000003,0.0,0.0,0.0,0.0
0.24426562500000001,-0.00014062500000000002,-0.00028125000000000003,-0.00028125000000000003,0.0,0.0,0.0,0.0
0.24440625000000002,-0.00028125000000000003,-0.00028125000000000003,-0.00028125000000000003,0.0,0.0,0.0,0.0
0.244828125,-0.00028125000000000003,-0.00028125000000000003,-0.00028125000000000003,0.0,0.0,0.0,0.0
0.24496875,-0.00014062500000000002,-0.00028125000000000003,-0.00028125000000000003,0.0,0.0,0.0,0.0
0.2446875,-0.00028125000000000003,-0.00028125000000000003,-0.00028125000000000003,0.0,0.0,0.0,0.0
0.24510937500000002,-0.00028125000000000003,-0.00028125000000000003,-0.00028125000000000003,0.0,0.0,0.0,0.0
0.244828125,-0.00028125000000000003,-0.00028125000000000003,-0.00028125000000000003,0.0,0.0,0.0,0.0
0.24510937500000002,-0.00028125000000000003,-0.00028125000000000003,-0.00028125000000000003,0.0,0.0,0.0,0.0
0.24454687500000002,-0.00028125000000000003,-0.00028125000000000003,-0.00028125000000000003,0.0,0.0,0.0,0.0
0.244125,-0.00028125000000000003,-0.00028125000000000003,-0.00028125000000000003,0.0,0.0,0.0,0.0
0.24426562500000001,-0.00028125000000000003,-0.00028125000000000003,-0.00028125000000000003,0.0,0.0,0.0,0.0
0.244125,-0.00028125000000000003,-0.00028125000000000003,-0.00028125000000000003,0.0,0.0,0.0,0.0
0.2435625,-0.00014062500000000002,-0.00028125000000000003,-0.00028125000000000003,0.0,0.0,0.0,0.0
0.24440625000000002,-0.00028125000000000003,-0.00028125000000000003,-0.00028125000000000003,0.0,0.0,0.0,0.0
0.243984375,-0.00028125000000000003,-0.00028125000000000003,-0.00028125000000000003,0.0,0.0,0.0,0.0
0.243984375,-0.00028125000000000003,-0.00028125000000000003,-0.00028125000000000003,0.0,0.0,0.0,0.0
0.243984375,-0.00014062500000000002,-0.00028125000000000003,-0.00028125000000000003,0.0,0.0,0.0,0.0
0.24454687500000002,-0.00014062500000000002,-0.00014062500000000002,-0.00028125000000000003,0.0,0.0,0.0,0.0
0.243703125,-0.00028125000000000003,-0.00028125000000000003,-0.00028125000000000003,0.0,0.0,0.0,0.0
0.24426562500000001,-0.00014062500000000002,-0.00028125000000000003,-0.00028125000000000003,0.0,0.0,0.0,0.0
0.24496875,-0.00028125000000000003,-0.00028125000000000003,-0.00028125000000000003,0.0,0.0,0.0,0.0
0.244828125,-0.00028125000000000003,-0.00028125000000000003,-0.00028125000000000003,0.0,0.0,0.0,0.0
0.24496875,-0.00014062500000000002,-0.00028125000000000003,-0.00028125000000000003,0.0,0.0,0.0,0.0
0.244828125,-0.00014062500000000002,-0.00028125000000000003,-0.00028125000000000003,0.0,0.0,0.0,0.0
0.24525000000000002,-0.00028125000000000003,-0.00028125000000000003,-0.00028125000000000003,0.0,0.0,0.0,0.0
0.2458125,-0.00028125000000000003,-0.00014062500000000002,-0.00028125000000000003,0.0,0.0,0.0,0.0
0.24525000000000002,-0.00014062500000000002,-0.00028125000000000003,-0.00028125000000000003,0.0,0.0,0.0,0.0
0.24539062500000003,-0.00028125000000000003,-0.00028125000000000003,-0.00028125000000000003,0.0,0.0,0.0,0.0
0.244828125,-0.00028125000000000003,-0.00028125000000000003,-0.00028125000000000003,0.0,0.0,0.0,0.0
0.2446875,-0.00014062500000000002,-0.00014062500000000002,-0.00028125000000000003,0.0,0.0,0.0,0.0
0.24426562500000001,-0.00028125000000000003,-0.00028125000000000003,-0.00028125000000000003,0.0,0.0,0.0,0.0
0.24454687500000002,-0.00028125000000000003,-0.00028125000000000003,-0.00028125000000000003,0.0,0.0,0.0,0.0
0.243984375,-0.00028125000000000003,-0.00028125000000000003,-0.00028125000000000003,0.0,0.0,0.0,0.0
0.244125,-0.00028125000000000003,-0.00028125000000000003,-0.00028125000000000003,0.0,0.0,0.0,0.0
0.24426562500000001,-0.00028125000000000003,-0.00028125000000000003,-0.00028125000000000003,0.0,0.0,0.0,0.0
0.24454687500000002,-0.00028125000000000003,-0.00028125000000000003,-0.00028125000000000003,0.0,0.0,0.0,0.0
0.243703125,-0.00028125000000000003,-0.00028125000000000003,-0.00028125000000000003,0.0,0.0,0.0,0.0
0.24426562500000001,-0.00014062500000000002,-0.00014062500000000002,-0.00028125000000000003,0.0,0.0,0.0,0.0
0.243703125,-0.00014062500000000002,-0.00028125000000000003,-0.00028125000000000003,0.0,0.0,0.0,0.0
0.24454687500000002,-0.00014062500000000002,-0.00028125000000000003,-0.00028125000000000003,0.0,0.0,0.0,0.0
0.24440625000000002,-0.00014062500000000002,-0.00014062500000000002,-0.00028125000000000003,0.0,0.0,0.0,0.0
0.24426562500000001,-0.00028125000000000003,-0.00028125000000000003,-0.00028125000000000003,0.0,0.0,0.0,0.0
0.2446875,-0.00014062500000000002,-0.00028125000000000003,-0.00028125000000000003,0.0,0.0,0.0,0.0
0.24510937500000002,-0.00014062500000000002,-0.00028125000000000003,-0.00028125000000000003,0.0,0.0,0.0,0.0
0.244828125,-0.00028125000000000003,-0.00028125000000000003,-0.00028125000000000003,0.0,0.0,0.0,0.0
0.24553125000000003,-0.00028125000000000003,-0.00028125000000000003,-0.00028125000000000003,0.0,0.0,0.0,0.0
0.2446875,-0.00014062500000000002,-0.00028125000000000003,-0.00028125000000000003,0.0,0.0,0.0,0.0
0.24510937500000002,-0.00014062500000000002,-0.00028125000000000003,-0.00028125000000000003,0.0,0.0,0.0,0.0
0.24454687500000002,-0.00028125000000000003,-0.00028125000000000003,-0.00028125000000000003,0.0,0.0,0.0,0.0
0.243703125,-0.00028125000000000003,-0.00028125000000000003,-0.00028125000000000003,0.0,0.0,0.0,0.0
0.2435625,-0.00014062500000000002,-0.00028125000000000003,-0.00028125000000000003,0.0,0.0,0.0,0.0
0.243703125,-0.00028125000000000003,-0.00028125000000000003,-0.00028125000000000003,0.0,0.0,0.0,0.0
0.24384375,-0.00014062500000000002,-0.00028125000000000003,-0.00028125000000000003,0.0,0.0,0.0,0.0
0.24314062500000003,-0.00014062500000000002,-0.00028125000000000003,-0.00028125000000000003,0.0,0.0,0.0,0.0
0.244125,-0.00028125000000000003,-0.00028125000000000003,-0.00028125000000000003,0.0,0.0,0.0,0.0
0.243703125,-0.00028125000000000003,-0.00028125000000000003,-0.00028125000000000003,0.0,0.0,0.0,0.0
0.243984375,-0.00028125000000000003,-0.00028125000000000003,-0.00028125000000000003,0.0,0.0,0.0,0.0
0.24384375,-0.00028125000000000003,-0.00028125000000000003,-0.00028125000000000003,0.0,0.0,0.0,0.0
0.243984375,-0.00028125000000000003,-0.00028125000000000003,-0.00028125000000000003,0.0,0.0,0.0,0.0
0.24384375,-0.00028125000000000003,-0.00028125000000000003,-0.00028125000000000003,0.0,0.0,0.0,0.0
0.24426562500000001,-0.00014062500000000002,-0.00028125000000000003,-0.00028125000000000003,0.0,0.0,0.0,0.0
0.243984375,-0.00028125000000000003,-0.00028125000000000003,-0.00028125000000000003,0.0,0.0,0.0,0.0
0.244125,-0.00014062500000000002,-0.00028125000000000003,-0.00028125000000000003,0.0,0.0,0.0,0.0
0.2446875,-0.00014062500000000002,-0.00028125000000000003,-0.00028125000000000003,0.0,0.0,0.0,0.0
0.24454687500000002,-0.00028125000000000003,-0.00028125000000000003,-0.00028125000000000003,0.0,0.0,0.0,0.0
0.24553125000000003,-0.00028125000000000003,-0.00028125000000000003,-0.00042187500000000005,0.0,0.0,0.0,0.0
0.24496875,-0.00014062500000000002,-0.00028125000000000003,-0.00028125000000000003,0.0,0.0,0.0,0.0
0.24496875,-0.00028125000000000003,-0.00028125000000000003,-0.00028125000000000003,0.0,0.0,0.0,0.0
0.244125,-0.00028125000000000003,-0.00028125000000000003,-0.00028125000000000003,0.0,0.0,0.0,0.0
0.243984375,-0.00028125000000000003,-0.00028125000000000003,-0.00028125000000000003,0.0,0.0,0.0,0.0
0.2435625,-0.00028125000000000003,-0.00028125000000000003,-0.00028125000000000003,0.0,0.0,0.0,0.0
0.24440625000000002,-0.00014062500000000002,-0.00028125000000000003,-0.00028125000000000003,0.0,0.0,0.0,0.0
0.243984375,-0.00028125000000000003,-0.00028125000000000003,-0.00028125000000000003,0.0,0.0,0.0,0.0
0.24454687500000002,-0.00028125000000000003,-0.00028125000000000003,-0.00028125000000000003,0.0,0.0,0.0,0.0
0.24426562500000001,-0.00014062500000000002,-0.00028125000000000003,-0.00028125000000000003,0.0,0.0,0.0,0.0
0.244828125,-0.00028125000000000003,-0.00028125000000000003,-0.00028125000000000003,0.0,0.0,0.0,0.0
0.24454687500000002,-0.00028125000000000003,-0.00028125000000000003,-0.00028125000000000003,0.0,0.0,0.0,0.0
0.24553125000000003,-0.00014062500000000002,-0.00028125000000000003,-0.00028125000000000003,0.0,0.0,0.0,0.0
0.24525000000000002,-0.00028125000000000003,-0.00028125000000000003,-0.00028125000000000003,0.0,0.0,0.0,0.0
0.24525000000000002,-0.00014062500000000002,-0.00028125000000000003,-0.00028125000000000003,0.0,0.0,0.0,0.0
0.24525000000000002,-0.00028125000000000003,-0.00028125000000000003,-0.00028125000000000003,0.0,0.0,0.0,0.0
0.24525000000000002,-0.00014062500000000002,-0.00028125000000000003,-0.00028125000000000003,0.0,0.0,0.0,0.0
0.2458125,-0.00028125000000000003,-0.00028125000000000003,-0.00028125000000000003,0.0,0.0,0.0,0.0
0.24539062500000003,-0.00014062500000000002,-0.00028125000000000003,-0.00028125000000000003,0.0,0.0,0.0,0.0
0.246234375,-0.00028125000000000003,-0.00014062500000000002,-0.00028125000000000003,0.0,0.0,0.0,0.0
0.245953125,-0.00014062500000000002,-0.00028125000000000003,-0.00028125000000000003,0.0,0.0,0.0,0.0
0.24609375,-0.00028125000000000003,-0.00028125000000000003,-0.00028125000000000003,0.0,0.0,0.0,0.0
0.24496875,-0.00028125000000000003,-0.00028125000000000003,-0.00028125000000000003,0.0,0.0,0.0,0.0
0.244828125,-0.00028125000000000003,-0.00028125000000000003,-0.00028125000000000003,0.0,0.0,0.0,0.0
0.24496875,-0.00014062500000000002,-0.00028125000000000003,-0.00028125000000000003,0.0,0.0,0.0,0.0
0.24510937500000002,-0.00028125000000000003,-0.00028125000000000003,-0.00028125000000000003,0.0,0.0,0.0,0.0
0.244828125,-0.00028125000000000003,-0.00028125000000000003,-0.00028125000000000003,0.0,0.0,0.0,0.0
0.24553125000000003,-0.00028125000000000003,-0.00028125000000000003,-0.00028125000000000003,0.0,0.0,0.0,0.0
0.24510937500000002,-0.00028125000000000003,-0.00028125000000000003,-0.00028125000000000003,0.0,0.0,0.0,0.0
0.24553125000000003,-0.00014062500000000002,-0.00028125000000000003,-0.00028125000000000003,0.0,0.0,0.0,0.0
0.2446875,-0.00014062500000000002,-0.00028125000000000003,-0.00028125000000000003,0.0,0.0,0.0,0.0
0.24539062500000003,-0.00014062500000000002,-0.00028125000000000003,-0.00028125000000000003,0.0,0.0,0.0,0.0
0.24510937500000002,-0.00028125000000000003,-0.00028125000000000003,-0.00028125000000000003,0.0,0.0,0.0,0.0
0.24525000000000002,-0.00028125000000000003,-0.00028125000000000003,-0.00028125000000000003,0.0,0.0,0.0,0.0
0.2458125,-0.00028125000000000003,-0.00028125000000000003,-0.00028125000000000003,0.0,0.0,0.0,0.0
0.24496875,-0.00028125000000000003,-0.00028125000000000003,-0.00028125000000000003,0.0,0.0,0.0,0.0
0.24539062500000003,-0.00014062500000000002,-0.00028125000000000003,-0.00028125000000000003,0.0,0.0,0.0,0.0
0.245953125,-0.00014062500000000002,-0.00028125000000000003,-0.00028125000000000003,0.0,0.0,0.0,0.0
0.24567187500000004,-0.00028125000000000003,-0.00028125000000000003,-0.00028125000000000003,0.0,0.0,0.0,0.0
0.246796875,-0.00014062500000000002,-0.00028125000000000003,-0.00028125000000000003,0.0,0.0,0.0,0.0
0.247078125,-0.00014062500000000002,-0.00028125000000000003,-0.00028125000000000003,0.0,0.0,0.0,0.0
0.24609375,-0.00014062500000000002,-0.00028125000000000003,-0.00028125000000000003,0.0,0.0,0.0,0.0
0.245953125,-0.00014062500000000002,-0.00028125000000000003,-0.00028125000000000003,0.0,0.0,0.0,0.0
0.246234375,-0.00028125000000000003,-0.00014062500000000002,-0.00028125000000000003,0.0,0.0,0.0,0.0
0.24510937500000002,-0.00028125000000000003,-0.00028125000000000003,-0.00028125000000000003,0.0,0.0,0.0,0.0
0.246234375,-0.00014062500000000002,-0.00028125000000000003,-0.00028125000000000003,0.0,0.0,0.0,0.0
0.2458125,-0.00028125000000000003,-0.00028125000000000003,-0.00028125000000000003,0.0,0.0,0.0,0.0
0.2446875,-0.00028125000000000003,-0.00028125000000000003,-0.00028125000000000003,0.0,0.0,0.0,0.0
0.24539062500000003,-0.00028125000000000003,-0.00028125000000000003,-0.00028125000000000003,0.0,0.0,0.0,0.0
0.2458125,-0.00014062500000000002,-0.00028125000000000003,-0.00028125000000000003,0.0,0.0,0.0,0.0
0.24454687500000002,-0.00028125000000000003,-0.00028125000000000003,-0.00028125000000000003,0.0,0.0,0.0,0.0
0.24525000000000002,-0.00028125000000000003,-0.00028125000000000003,-0.00028125000000000003,0.0,0.0,0.0,0.0
0.24567187500000004,-0.00028125000000000003,-0.00028125000000000003,-0.00028125000000000003,0.0,0.0,0.0,0.0
0.2458125,-0.00028125000000000003,-0.00028125000000000003,-0.00028125000000000003,0.0,0.0,0.0,0.0
0.24609375,-0.00028125000000000003,-0.00028125000000000003,-0.00028125000000000003,0.0,0.0,0.0,0.0
0.246375,-0.00028125000000000003,-0.00014062500000000002,-0.00028125000000000003,0.0,0.0,0.0,0.0
0.24539062500000003,-0.00028125000000000003,-0.00028125000000000003,-0.00028125000000000003,0.0,0.0,0.0,0.0
0.24539062500000003,-0.00028125000000000003,-0.00028125000000000003,-0.00028125000000000003,0.0,0.0,0.0,0.0
0.246234375,-0.00014062500000000002,-0.00028125000000000003,-0.00028125000000000003,0.0,0.0,0.0,0.0
0.24651562500000002,-0.00028125000000000003,-0.00028125000000000003,-0.00028125000000000003,0.0,0.0,0.0,0.0
0.246375,-0.00028125000000000003,-0.00028125000000000003,-0.00028125000000000003,0.0,0.0,0.0,0.0
0.247078125,-0.00014062500000000002,-0.00028125000000000003,-0.00028125000000000003,0.0,0.0,0.0,0.0
0.2469375,-0.00014062500000000002,-0.00028125000000000003,-0.00028125000000000003,0.0,0.0,0.0,0.0
0.24651562500000002,-0.00014062500000000002,-0.00028125000000000003,-0.00028125000000000003,0.0,0.0,0.0,0.0
0.24735937500000002,-0.00028125000000000003,-0.00028125000000000003,-0.00028125000000000003,0.0,0.0,0.0,0.0
0.24721875000000001,-0.00014062500000000002,-0.00014062500000000002,-0.00028125000000000003,0.0,0.0,0.0,0.0
0.24665625000000002,-0.00028125000000000003,-0.00028125000000000003,-0.00028125000000000003,0.0,0.0,0.0,0.0
0.246234375,-0.00028125000000000003,-0.00028125000000000003,-0.00028125000000000003,0.0,0.0,0.0,0.0
0.246796875,-0.00014062500000000002,-0.00028125000000000003,-0.00028125000000000003,0.0,0.0,0.0,0.0
0.246234375,-0.00028125000000000003,-0.00028125000000000003,-0.00028125000000000003,0.0,0.0,0.0,0.0
0.246375,-0.00028125000000000003,-0.00028125000000000003,-0.00028125000000000003,0.0,0.0,0.0,0.0
0.246234375,-0.00028125000000000003,-0.00028125000000000003,-0.00028125000000000003,0.0,0.0,0.0,0.0
0.246375,-0.00028125000000000003,-0.00028125000000000003,-0.00028125000000000003,0.0,0.0,0.0,0.0
0.2458125,-0.00028125000000000003,-0.00028125000000000003,-0.00028125000000000003,0.0,0.0,0.0,0.0
0.24665625000000002,-0.00014062500000000002,-0.00014062500000000002,-0.00028125000000000003,0.0,0.0,0.0,0.0
0.24665625000000002,-0.00014062500000000002,-0.00028125000000000003,-0.00042187500000000005,0.0,0.0,0.0,0.0
0.24609375,-0.00028125000000000003,-0.00028125000000000003,-0.00028125000000000003,0.0,0.0,0.0,0.0
0.245953125,-0.00028125000000000003,-0.00028125000000000003,-0.00028125000000000003,0.0,0.0,0.0,0.0
0.2469375,-0.00028125000000000003,-0.00028125000000000003,-0.00028125000000000003,0.0,0.0,0.0,0.0
0.246796875,-0.00014062500000000002,-0.00028125000000000003,-0.00028125000000000003,0.0,0.0,0.0,0.0
0.24665625000000002,-0.00014062500000000002,-0.00028125000000000003,-0.00028125000000000003,0.0,0.0,0.0,0.0
0.24750000000000003,-0.00028125000000000003,-0.00028125000000000003,-0.00028125000000000003,0.0,0.0,0.0,0.0
0.24750000000000003,-0.00028125000000000003,-0.00028125000000000003,-0.00028125000000000003,0.0,0.0,0.0,0.0
0.24750000000000003,-0.00014062500000000002,-0.00014062500000000002,-0.00028125000000000003,0.0,0.0,0.0,0.0
0.24764062500000003,-0.00014062500000000002,-0.00028125000000000003,-0.00028125000000000003,0.0,0.0,0.0,0.0
0.248484375,-0.00014062500000000002,-0.00028125000000000003,-0.00028125000000000003,0.0,0.0,0.0,0.0
0.24735937500000002,-0.00014062500000000002,-0.00028125000000000003,-0.00028125000000000003,0.0,0.0,0.0,0.0
0.24721875000000001,-0.00028125000000000003,-0.00028125000000000003,-0.00028125000000000003,0.0,0.0,0.0,0.0
0.2469375,-0.00028125000000000003,-0.00028125000000000003,-0.00028125000000000003,0.0,0.0,0.0,0.0
0.246796875,-0.00014062500000000002,-0.00014062500000000002,-0.00028125000000000003,0.0,0.0,0.0,0.0
0.246375,-0.00028125000000000003,-0.00028125000000000003,-0.00028125000000000003,0.0,0.0,0.0,0.0
0.24665625000000002,-0.00028125000000000003,-0.00028125000000000003,-0.00028125000000000003,0.0,0.0,0.0,0.0
0.246375,-0.00028125000000000003,-0.00028125000000000003,-0.00028125000000000003,0.0,0.0,0.0,0.0
0.246796875,-0.00028125000000000003,-0.00028125000000000003,-0.00028125000000000003,0.0,0.0,0.0,0.0
0.24750000000000003,-0.00028125000000000003,-0.00028125000000000003,-0.00028125000000000003,0.0,0.0,0.0,0.0
0.24721875000000001,-0.00028125000000000003,-0.00028125000000000003,-0.00028125000000000003,0.0,0.0,0.0,0.0
0.24665625000000002,-0.00028125000000000003,-0.00028125000000000003,-0.00028125000000000003,0.0,0.0,0.0,0.0
0.24721875000000001,-0.00028125000000000003,-0.00028125000000000003,-0.00028125000000000003,0.0,0.0,0.0,0.0
0.24651562500000002,-0.00028125000000000003,-0.00028125000000000003,-0.00028125000000000003,0.0,0.0,0.0,0.0
0.247078125,-0.00028125000000000003,-0.00028125000000000003,-0.00028125000000000003,0.0,0.0,0.0,0.0
0.24750000000000003,-0.00014062500000000002,-0.00028125000000000003,-0.00028125000000000003,0.0,0.0,0.0,0.0
0.2469375,-0.00028125000000000003,-0.00028125000000000003,-0.00028125000000000003,0.0,0.0,0.0,0.0
0.2480625,-0.00028125000000000003,-0.00028125000000000003,-0.00028125000000000003,0.0,0.0,0.0,0.0
0.2480625,-0.00014062500000000002,-0.00028125000000000003,-0.00028125000000000003,0.0,0.0,0.0,0.0
0.2480625,-0.00028125000000000003,-0.00028125000000000003,-0.00028125000000000003,0.0,0.0,0.0,0.0
0.248203125,-0.00028125000000000003,-0.00028125000000000003,-0.00028125000000000003,0.0,0.0,0.0,0.0
0.2480625,-0.00028125000000000003,-0.00014062500000000002,-0.00028125000000000003,0.0,0.0,0.0,0.0
0.2480625,-0.00028125000000000003,-0.00028125000000000003,-0.00028125000000000003,0.0,0.0,0.0,0.0
0.24876562500000002,-0.00014062500000000002,-0.00028125000000000003,-0.00028125000000000003,0.0,0.0,0.0,0.0
0.24735937500000002,-0.00028125000000000003,-0.00028125000000000003,-0.00028125000000000003,0.0,0.0,0.0,0.0
0.247078125,-0.00028125000000000003,-0.00028125000000000003,-0.00028125000000000003,0.0,0.0,0.0,0.0
0.24764062500000003,-0.00014062500000000002,-0.00028125000000000003,-0.00028125000000000003,0.0,0.0,0.0,0.0
0.24721875000000001,-0.00028125000000000003,-0.00028125000000000003,-0.00028125000000000003,0.0,0.0,0.0,0.0
0.247078125,-0.00014062500000000002,-0.00028125000000000003,-0.00028125000000000003,0.0,0.0,0.0,0.0
0.24764062500000003,-0.00014062500000000002,-0.00028125000000000003,-0.00028125000000000003,0.0,0.0,0.0,0.0
0.24750000000000003,-0.00014062500000000002,-0.00028125000000000003,-0.00028125000000000003,0.0,0.0,0.0,0.0
0.24792187499999999,-0.00028125000000000003,-0.00028125000000000003,-0.00028125000000000003,0.0,0.0,0.0,0.0
0.24792187499999999,-0.00028125000000000003,-0.00028125000000000003,-0.00028125000000000003,0.0,0.0,0.0,0.0
0.24764062500000003,-0.00028125000000000003,-0.00028125000000000003,-0.00028125000000000003,0.0,0.0,0.0,0.0
0.24764062500000003,-0.00014062500000000002,-0.00028125000000000003,-0.00028125000000000003,0.0,0.0,0.0,0.0
0.24778125000000004,-0.00014062500000000002,-0.00028125000000000003,-0.00028125000000000003,0.0,0.0,0.0,0.0
0.24834375,-0.00028125000000000003,-0.00028125000000000003,-0.00028125000000000003,0.0,0.0,0.0,0.0
0.24876562500000002,-0.00028125000000000003,-0.00028125000000000003,-0.00028125000000000003,0.0,0.0,0.0,0.0
0.248625,-0.00014062500000000002,-0.00028125000000000003,-0.00028125000000000003,0.0,0.0,0.0,0.0
0.24834375,-0.00028125000000000003,-0.00028125000000000003,-0.00028125000000000003,0.0,0.0,0.0,0.0
0.248625,-0.00028125000000000003,-0.00028125000000000003,-0.00028125000000000003,0.0,0.0,0.0,0.0
0.249328125,-0.00028125000000000003,-0.00028125000000000003,-0.00028125000000000003,0.0,0.0,0.0,0.0
0.24876562500000002,-0.00028125000000000003,-0.00028125000000000003,-0.00028125000000000003,0.0,0.0,0.0,0.0
0.248625,-0.00028125000000000003,-0.00028125000000000003,-0.00028125000000000003,0.0,0.0,0.0,0.0
0.249046875,-0.00014062500000000002,-0.00028125000000000003,-0.00028125000000000003,0.0,0.0,0.0,0.0
0.24834375,-0.00014062500000000002,-0.00028125000000000003,-0.00028125000000000003,0.0,0.0,0.0,0.0
0.248203125,-0.00028125000000000003,-0.00028125000000000003,-0.00028125000000000003,0.0,0.0,0.0,0.0
0.248203125,-0.00028125000000000003,-0.00014062500000000002,-0.00028125000000000003,0.0,0.0,0.0,0.0
0.24834375,-0.00028125000000000003,-0.00028125000000000003,-0.00028125000000000003,0.0,0.0,0.0,0.0
0.248203125,-0.00028125000000000003,-0.00028125000000000003,-0.00028125000000000003,0.0,0.0,0.0,0.0
0.248484375,-0.00028125000000000003,-0.00014062500000000002,-0.00028125000000000003,0.0,0.0,0.0,0.0
0.24778125000000004,-0.00014062500000000002,-0.00028125000000000003,-0.00028125000000000003,0.0,0.0,0.0,0.0
0.24792187499999999,-0.00028125000000000003,-0.00014062500000000002,-0.00028125000000000003,0.0,0.0,0.0,0.0
0.24834375,-0.00028125000000000003,-0.00028125000000000003,-0.00028125000000000003,0.0,0.0,0.0,0.0
0.24778125000000004,-0.00014062500000000002,-0.00028125000000000003,-0.00028125000000000003,0.0,0.0,0.0,0.0
0.24834375,-0.00028125000000000003,-0.00028125000000000003,-0.00028125000000000003,0.0,0.0,0.0,0.0
0.24876562500000002,-0.00014062500000000002,-0.00028125000000000003,-0.00028125000000000003,0.0,0.0,0.0,0.0
0.24792187499999999,-0.00014062500000000002,-0.00028125000000000003,-0.00028125000000000003,0.0,0.0,0.0,0.0
0.248484375,-0.00014062500000000002,-0.00028125000000000003,-0.00028125000000000003,0.0,0.0,0.0,0.0
0.249046875,-0.00014062500000000002,-0.00028125000000000003,-0.00028125000000000003,0.0,0.0,0.0,0.0
0.248625,-0.00028125000000000003,-0.00028125000000000003,-0.00028125000000000003,0.0,0.0,0.0,0.0
0.24834375,-0.00028125000000000003,-0.00028125000000000003,-0.00028125000000000003,0.0,0.0,0.0,0.0
0.24989062500000003,-0.00028125000000000003,-0.00028125000000000003,-0.00028125000000000003,0.0,0.0,0.0,0.0
0.2491875,-0.00028125000000000003,-0.00028125000000000003,-0.00028125000000000003,0.0,0.0,0.0,0.0
0.2491875,-0.00014062500000000002,-0.00028125000000000003,-0.00028125000000000003,0.0,0.0,0.0,0.0
0.24890625000000002,-0.00028125000000000003,-0.00014062500000000002,-0.00028125000000000003,0.0,0.0,0.0,0.0
0.24834375,-0.00014062500000000002,-0.00028125000000000003,-0.00028125000000000003,0.0,0.0,0.0,0.0
0.24876562500000002,-0.00028125000000000003,-0.00028125000000000003,-0.00042187500000000005,0.0,0.0,0.0,0.0
0.2480625,-0.00028125000000000003,-0.00014062500000000002,-0.00028125000000000003,0.0,0.0,0.0,0.0
0.2480625,-0.00014062500000000002,-0.00028125000000000003,-0.00028125000000000003,0.0,0.0,0.0,0.0
0.24890625000000002,-0.00028125000000000003,-0.00028125000000000003,-0.00028125000000000003,0.0,0.0,0.0,0.0
0.248484375,-0.00014062500000000002,-0.00028125000000000003,-0.00028125000000000003,0.0,0.0,0.0,0.0
0.24876562500000002,-0.00014062500000000002,-0.00028125000000000003,-0.00028125000000000003,0.0,0.0,0.0,0.0
0.24890625000000002,-0.00028125000000000003,-0.00028125000000000003,-0.00028125000000000003,0.0,0.0,0.0,0.0
0.24876562500000002,-0.00014062500000000002,-0.00028125000000000003,-0.00028125000000000003,0.0,0.0,0.0,0.0
0.24876562500000002,-0.00028125000000000003,-0.00014062500000000002,-0.00028125000000000003,0.0,0.0,0.0,0.0
0.24946875000000002,-0.00028125000000000003,-0.00014062500000000002,-0.00028125000000000003,0.0,0.0,0.0,0.0
0.24975000000000003,-0.00028125000000000003,-0.00028125000000000003,-0.00028125000000000003,0.0,0.0,0.0,0.0
0.2491875,-0.00028125000000000003,-0.00028125000000000003,-0.00028125000000000003,0.0,0.0,0.0,0.0
0.24975000000000003,-0.00028125000000000003,-0.00028125000000000003,-0.00028125000000000003,0.0,0.0,0.0,0.0
0.2491875,-0.00028125000000000003,-0.00028125000000000003,-0.00028125000000000003,0.0,0.0,0.0,0.0
0.24989062500000003,-0.00028125000000000003,-0.00028125000000000003,-0.00028125000000000003,0.0,0.0,0.0,0.0
0.24989062500000003,-0.00028125000000000003,-0.00028125000000000003,-0.00028125000000000003,0.0,0.0,0.0,0.0
0.2503125,-0.00014062500000000002,-0.00028125000000000003,-0.00028125000000000003,0.0,0.0,0.0,0.0
0.2503125,-0.00028125000000000003,-0.00028125000000000003,-0.00028125000000000003,0.0,0.0,0.0,0.0
0.250171875,-0.00014062500000000002,-0.00028125000000000003,-0.00028125000000000003,0.0,0.0,0.0,0.0
0.24960937500000002,-0.00028125000000000003,-0.00028125000000000003,-0.00028125000000000003,0.0,0.0,0.0,0.0
0.24960937500000002,-0.00028125000000000003,-0.00028125000000000003,-0.00028125000000000003,0.0,0.0,0.0,0.0
0.249328125,-0.00028125000000000003,-0.00028125000000000003,-0.00028125000000000003,0.0,0.0,0.0,0.0
0.2491875,-0.00014062500000000002,-0.00028125000000000003,-0.00028125000000000003,0.0,0.0,0.0,0.0
0.24890625000000002,-0.00028125000000000003,-0.00028125000000000003,-0.00014062500000000002,0.0,0.0,0.0,0.0
0.24946875000000002,-0.00028125000000000003,-0.00028125000000000003,-0.00028125000000000003,0.0,0.0,0.0,0.0
0.24960937500000002,-0.00014062500000000002,-0.00028125000000000003,-0.00028125000000000003,0.0,0.0,0.0,0.0
0.24890625000000002,-0.00028125000000000003,-0.00028125000000000003,-0.00028125000000000003,0.0,0.0,0.0,0.0
0.25003125000000004,-0.00028125000000000003,-0.00028125000000000003,-0.00028125000000000003,0.0,0.0,0.0,0.0
0.249328125,-0.00028125000000000003,-0.00028125000000000003,-0.00028125000000000003,0.0,0.0,0.0,0.0
0.24946875000000002,-0.00028125000000000003,-0.00028125000000000003,-0.00028125000000000003,0.0,0.0,0.0,0.0
0.24975000000000003,-0.00028125000000000003,-0.00028125000000000003,-0.00028125000000000003,0.0,0.0,0.0,0.0
0.24960937500000002,-0.00014062500000000002,-0.00028125000000000003,-0.00028125000000000003,0.0,0.0,0.0,0.0
0.25003125000000004,-0.00028125000000000003,-0.00028125000000000003,-0.00028125000000000003,0.0,0.0,0.0,0.0
0.250171875,-0.00028125000000000003,-0.00028125000000000003,-0.00028125000000000003,0.0,0.0,0.0,0.0
0.25059375,-0.00028125000000000003,-0.00028125000000000003,-0.00028125000000000003,0.0,0.0,0.0,0.0
0.2503125,-0.00028125000000000003,-0.00028125000000000003,-0.00028125000000000003,0.0,0.0,0.0,0.0
0.250875,-0.00028125000000000003,-0.00028125000000000003,-0.00028125000000000003,0.0,0.0,0.0,0.0
0.25059375,-0.00028125000000000003,-0.00028125000000000003,-0.00028125000000000003,0.0,0.0,0.0,0.0
0.250453125,-0.00028125000000000003,-0.00028125000000000003,-0.00028125000000000003,0.0,0.0,0.0,0.0
0.24989062500000003,-0.00014062500000000002,-0.00028125000000000003,-0.00028125000000000003,0.0,0.0,0.0,0.0
0.25059375,-0.00028125000000000003,-0.00028125000000000003,-0.00028125000000000003,0.0,0.0,0.0,0.0
0.2491875,-0.00028125000000000003,-0.00028125000000000003,-0.00028125000000000003,0.0,0.0,0.0,0.0
0.24876562500000002,-0.00028125000000000003,-0.00028125000000000003,-0.00028125000000000003,0.0,0.0,0.0,0.0
0.24975000000000003,-0.00028125000000000003,-0.00028125000000000003,-0.00028125000000000003,0.0,0.0,0.0,0.0
0.24890625000000002,-0.00028125000000000003,-0.00028125000000000003,-0.00028125000000000003,0.0,0.0,0.0,0.0
0.24876562500000002,-0.00014062500000000002,-0.00028125000000000003,-0.00028125000000000003,0.0,0.0,0.0,0.0
0.249328125,-0.00028125000000000003,-0.00028125000000000003,-0.00028125000000000003,0.0,0.0,0.0,0.0
0.249328125,-0.00028125000000000003,-0.00028125000000000003,-0.00028125000000000003,0.0,0.0,0.0,0.0
0.248484375,-0.00028125000000000003,-0.00014062500000000002,-0.00028125000000000003,0.0,0.0,0.0,0.0
0.249328125,-0.00028125000000000003,-0.00028125000000000003,-0.00028125000000000003,0.0,0.0,0.0,0.0
0.2491875,-0.00014062500000000002,-0.00028125000000000003,-0.00028125000000000003,0.0,0.0,0.0,0.0
0.248625,-0.00028125000000000003,-0.00028125000000000003,-0.00028125000000000003,0.0,0.0,0.0,0.0
0.2491875,-0.00028125000000000003,-0.00028125000000000003,-0.00028125000000000003,0.0,0.0,0.0,0.0
0.24989062500000003,-0.00028125000000000003,-0.00028125000000000003,-0.00028125000000000003,0.0,0.0,0.0,0.0
0.249328125,-0.00028125000000000003,-0.00028125000000000003,-0.00028125000000000003,0.0,0.0,0.0,0.0
0.24876562500000002,-0.00028125000000000003,-0.00028125000000000003,-0.00028125000000000003,0.0,0.0,0.0,0.0
0.2503125,-0.00028125000000000003,-0.00028125000000000003,-0.00028125000000000003,0.0,0.0,0.0,0.0
0.24975000000000003,-0.00028125000000000003,-0.00028125000000000003,-0.00028125000000000003,0.0,0.0,0.0,0.0
0.2491875,-0.00028125000000000003,-0.00028125000000000003,-0.00028125000000000003,0.0,0.0,0.0,0.0
0.2503125,-0.00028125000000000003,-0.00028125000000000003,-0.00028125000000000003,0.0,0.0,0.0,0.0
0.25003125000000004,-0.00028125000000000003,-0.00028125000000000003,-0.00028125000000000003,0.0,0.0,0.0,0.0
0.2491875,-0.00028125000000000003,-0.00028125000000000003,-0.00028125000000000003,0.0,0.0,0.0,0.0
0.2491875,-0.00028125000000000003,-0.00028125000000000003,-0.00028125000000000003,0.0,0.0,0.0,0.0
0.24876562500000002,-0.00014062500000000002,-0.00028125000000000003,-0.00028125000000000003,0.0,0.0,0.0,0.0
0.248484375,-0.00028125000000000003,-0.00014062500000000002,-0.00028125000000000003,0.0,0.0,0.0,0.0
0.248625,-0.00014062500000000002,-0.00028125000000000003,-0.00028125000000000003,0.0,0.0,0.0,0.0
0.24890625000000002,-0.00028125000000000003,-0.00028125000000000003,-0.00028125000000000003,0.0,0.0,0.0,0.0
0.24834375,-0.00028125000000000003,-0.00014062500000000002,-0.00028125000000000003,0.0,0.0,0.0,0.0
0.2480625,-0.00014062500000000002,-0.00028125000000000003,-0.00028125000000000003,0.0,0.0,0.0,0.0
0.24876562500000002,-0.00014062500000000002,-0.00028125000000000003,-0.00028125000000000003,0.0,0.0,0.0,0.0
0.248625,-0.00028125000000000003,-0.00014062500000000002,-0.00028125000000000003,0.0,0.0,0.0,0.0
0.24834375,-0.00028125000000000003,-0.00014062500000000002,-0.00028125000000000003,0.0,0.0,0.0,0.0
0.24876562500000002,-0.00028125000000000003,-0.00028125000000000003,-0.00028125000000000003,0.0,0.0,0.0,0.0
0.24876562500000002,-0.00014062500000000002,-0.00028125000000000003,-0.00028125000000000003,0.0,0.0,0.0,0.0
0.249046875,-0.00014062500000000002,-0.00028125000000000003,-0.00028125000000000003,0.0,0.0,0.0,0.0
0.2491875,-0.00028125000000000003,-0.00028125000000000003,-0.00028125000000000003,0.0,0.0,0.0,0.0
0.249046875,-0.00028125000000000003,-0.00028125000000000003,-0.00028125000000000003,0.0,0.0,0.0,0.0
0.24890625000000002,-0.00028125000000000003,-0.00028125000000000003,-0.00028125000000000003,0.0,0.0,0.0,0.0
0.24960937500000002,-0.00028125000000000003,-0.00014062500000000002,-0.00028125000000000003,0.0,0.0,0.0,0.0
0.24960937500000002,-0.00014062500000000002,-0.00028125000000000003,-0.00028125000000000003,0.0,0.0,0.0,0.0
0.24890625000000002,-0.00014062500000000002,-0.00028125000000000003,-0.00028125000000000003,0.0,0.0,0.0,0.0
0.24975000000000003,-0.00028125000000000003,-0.00028125000000000003,-0.00028125000000000003,0.0,0.0,0.0,0.0
0.249046875,-0.00028125000000000003,-0.00028125000000000003,-0.00028125000000000003,0.0,0.0,0.0,0.0
0.24792187499999999,-0.00028125000000000003,-0.00028125000000000003,-0.00028125000000000003,0.0,0.0,0.0,0.0
0.248203125,-0.00028125000000000003,-0.00028125000000000003,-0.00028125000000000003,0.0,0.0,0.0,0.0
0.24834375,-0.00014062500000000002,-0.00028125000000000003,-0.00028125000000000003,0.0,0.0,0.0,0.0
0.24764062500000003,-0.00014062500000000002,-0.00028125000000000003,-0.00028125000000000003,0.0,0.0,0.0,0.0
0.2480625,-0.00028125000000000003,-0.00028125000000000003,-0.00028125000000000003,0.0,0.0,0.0,0.0
0.24792187499999999,-0.00028125000000000003,-0.00028125000000000003,-0.00028125000000000003,0.0,0.0,0.0,0.0
0.24750000000000003,-0.00014062500000000002,-0.00028125000000000003,-0.00028125000000000003,0.0,0.0,0.0,0.0
0.2480625,-0.00014062500000000002,-0.00014062500000000002,-0.00028125000000000003,0.0,0.0,0.0,0.0
0.2480625,-0.00028125000000000003,-0.00028125000000000003,-0.00028125000000000003,0.0,0.0,0.0,0.0
0.24764062500000003,-0.00028125000000000003,-0.00028125000000000003,-0.00028125000000000003,0.0,0.0,0.0,0.0
0.24778125000000004,-0.00028125000000000003,-0.00028125000000000003,-0.00028125000000000003,0.0,0.0,0.0,0.0
0.24792187499999999,-0.00028125000000000003,-0.00028125000000000003,-0.00028125000000000003,0.0,0.0,0.0,0.0
0.248203125,-0.00028125000000000003,-0.00028125000000000003,-0.00028125000000000003,0.0,0.0,0.0,0.0
0.248203125,-0.00028125000000000003,-0.00028125000000000003,-0.00028125000000000003,0.0,0.0,0.0,0.0
0.24792187499999999,-0.00028125000000000003,-0.00028125000000000003,-0.00028125000000000003,0.0,0.0,0.0,0.0
0.2480625,-0.00028125000000000003,-0.00028125000000000003,-0.00028125000000000003,0.0,0.0,0.0,0.0
0.24834375,-0.00028125000000000003,-0.00028125000000000003,-0.00028125000000000003,0.0,0.0,0.0,0.0
0.24750000000000003,-0.00028125000000000003,-0.00028125000000000003,-0.00028125000000000003,0.0,0.0,0.0,0.0
0.248484375,-0.00014062500000000002,-0.00028125000000000003,-0.00028125000000000003,0.0,0.0,0.0,0.0
0.24876562500000002,-0.00014062500000000002,-0.00028125000000000003,-0.00028125000000000003,0.0,0.0,0.0,0.0
0.248203125,-0.00028125000000000003,-0.00028125000000000003,-0.00028125000000000003,0.0,0.0,0.0,0.0
0.24792187499999999,-0.00014062500000000002,-0.00028125000000000003,-0.00028125000000000003,0.0,0.0,0.0,0.0
0.24778125000000004,-0.00028125000000000003,-0.00028125000000000003,-0.00028125000000000003,0.0,0.0,0.0,0.0
0.247078125,-0.00014062500000000002,-0.00028125000000000003,-0.00028125000000000003,0.0,0.0,0.0,0.0
0.24665625000000002,-0.00014062500000000002,-0.00028125000000000003,-0.00028125000000000003,0.0,0.0,0.0,0.0
0.24735937500000002,-0.00028125000000000003,-0.00028125000000000003,-0.00028125000000000003,0.0,0.0,0.0,0.0
0.246796875,-0.00028125000000000003,-0.00028125000000000003,-0.00028125000000000003,0.0,0.0,0.0,0.0
0.246234375,-0.00028125000000000003,-0.00028125000000000003,-0.00028125000000000003,0.0,0.0,0.0,0.0
0.24735937500000002,-0.00014062500000000002,-0.00028125000000000003,-0.00028125000000000003,0.0,0.0,0.0,0.0
0.24665625000000002,-0.00028125000000000003,-0.00028125000000000003,-0.00028125000000000003,0.0,0.0,0.0,0.0
0.246796875,-0.00028125000000000003,-0.00028125000000000003,-0.00028125000000000003,0.0,0.0,0.0,0.0
0.2469375,-0.00014062500000000002,-0.00028125000000000003,-0.00028125000000000003,0.0,0.0,0.0,0.0
0.24665625000000002,-0.00028125000000000003,-0.00028125000000000003,-0.00028125000000000003,0.0,0.0,0.0,0.0
0.246796875,-0.00028125000000000003,-0.00028125000000000003,-0.00028125000000000003,0.0,0.0,0.0,0.0
0.247078125,-0.00028125000000000003,-0.00028125000000000003,-0.00028125000000000003,0.0,0.0,0.0,0.0
0.246796875,-0.00028125000000000003,-0.00028125000000000003,-0.00028125000000000003,0.0,0.0,0.0,0.0
0.24665625000000002,-0.00028125000000000003,-0.00028125000000000003,-0.00028125000000000003,0.0,0.0,0.0,0.0
0.24764062500000003,-0.00014062500000000002,-0.00028125000000000003,-0.00028125000000000003,0.0,0.0,0.0,0.0
0.24764062500000003,-0.00014062500000000002,-0.00028125000000000003,-0.00028125000000000003,0.0,0.0,0.0,0.0
0.24778125000000004,-0.00014062500000000002,-0.00028125000000000003,-0.00028125000000000003,0.0,0.0,0.0,0.0
0.24764062500000003,-0.00014062500000000002,-0.00028125000000000003,-0.00028125000000000003,0.0,0.0,0.0,0.0
0.2469375,-0.00028125000000000003,-0.00014062500000000002,-0.00028125000000000003,0.0,0.0,0.0,0.0
0.24721875000000001,-0.00028125000000000003,-0.00028125000000000003,-0.00028125000000000003,0.0,0.0,0.0,0.0
0.247078125,-0.00028125000000000003,-0.00028125000000000003,-0.00028125000000000003,0.0,0.0,0.0,0.0
0.246234375,-0.00028125000000000003,-0.00028125000000000003,-0.00028125000000000003,0.0,0.0,0.0,0.0
0.24609375,-0.00014062500000000002,-0.00028125000000000003,-0.00028125000000000003,0.0,0.0,0.0,0.0
0.24510937500000002,-0.00028125000000000003,-0.00028125000000000003,-0.00028125000000000003,0.0,0.0,0.0,0.0
0.24510937500000002,-0.00028125000000000003,-0.00028125000000000003,-0.00042187500000000005,0.0,0.0,0.0,0.0
0.24525000000000002,-0.00028125000000000003,-0.00028125000000000003,-0.00028125000000000003,0.0,0.0,0.0,0.0
0.2458125,-0.00028125000000000003,-0.00028125000000000003,-0.00028125000000000003,0.0,0.0,0.0,0.0
0.24567187500000004,-0.00028125000000000003,-0.00028125000000000003,-0.00028125000000000003,0.0,0.0,0.0,0.0
0.24553125000000003,-0.00028125000000000003,-0.00028125000000000003,-0.00028125000000000003,0.0,0.0,0.0,0.0
0.24525000000000002,-0.00028125000000000003,-0.00028125000000000003,-0.00028125000000000003,0.0,0.0,0.0,0.0
0.24510937500000002,-0.00014062500000000002,-0.00028125000000000003,-0.00028125000000000003,0.0,0.0,0.0,0.0
0.24553125000000003,-0.00028125000000000003,-0.00014062500000000002,-0.00028125000000000003,0.0,0.0,0.0,0.0
0.24525000000000002,-0.00014062500000000002,-0.00028125000000000003,-0.00028125000000000003,0.0,0.0,0.0,0.0
0.24510937500000002,-0.00014062500000000002,-0.00028125000000000003,-0.00028125000000000003,0.0,0.0,0.0,0.0
0.24496875,-0.00028125000000000003,-0.00028125000000000003,-0.00028125000000000003,0.0,0.0,0.0,0.0
0.24553125000000003,-0.00014062500000000002,-0.00028125000000000003,-0.00028125000000000003,0.0,0.0,0.0,0.0
0.24553125000000003,-0.00014062500000000002,-0.00028125000000000003,-0.00028125000000000003,0.0,0.0,0.0,0.0
0.246375,-0.00014062500000000002,-0.00028125000000000003,-0.00028125000000000003,0.0,0.0,0.0,0.0
0.246234375,-0.00028125000000000003,-0.00028125000000000003,-0.00028125000000000003,0.0,0.0,0.0,0.0
0.245953125,-0.00028125000000000003,-0.00028125000000000003,-0.00028125000000000003,0.0,0.0,0.0,0.0
0.246796875,-0.00014062500000000002,-0.00028125000000000003,-0.00028125000000000003,0.0,0.0,0.0,0.0
0.246234375,-0.00014062500000000002,-0.00028125000000000003,-0.00028125000000000003,0.0,0.0,0.0,0.0
0.2458125,-0.00028125000000000003,-0.00028125000000000003,-0.00028125000000000003,0.0,0.0,0.0,0.0
0.2446875,-0.00028125000000000003,-0.00028125000000000003,-0.00028125000000000003,0.0,0.0,0.0,0.0
0.24539062500000003,-0.00028125000000000003,-0.00028125000000000003,-0.00028125000000000003,0.0,0.0,0.0,0.0
0.24426562500000001,-0.00028125000000000003,-0.00028125000000000003,-0.00028125000000000003,0.0,0.0,0.0,0.0
0.24525000000000002,-0.00014062500000000002,-0.00028125000000000003,-0.00028125000000000003,0.0,0.0,0.0,0.0
0.244828125,-0.00028125000000000003,-0.00028125000000000003,-0.00042187500000000005,0.0,0.0,0.0,0.0
0.24454687500000002,-0.00028125000000000003,-0.00028125000000000003,-0.00028125000000000003,0.0,0.0,0.0,0.0
0.24525000000000002,-0.00028125000000000003,-0.00028125000000000003,-0.00028125000000000003,0.0,0.0,0.0,0.0
0.24454687500000002,-0.00028125000000000003,-0.00028125000000000003,-0.00028125000000000003,0.0,0.0,0.0,0.0
0.24496875,-0.00028125000000000003,-0.00028125000000000003,-0.00028125000000000003,0.0,0.0,0.0,0.0
0.244828125,-0.00028125000000000003,-0.00028125000000000003,-0.00028125000000000003,0.0,0.0,0.0,0.0
0.24525000000000002,-0.00014062500000000002,-0.00028125000000000003,-0.00028125000000000003,0.0,0.0,0.0,0.0
0.24496875,-0.00028125000000000003,-0.00028125000000000003,-0.00028125000000000003,0.0,0.0,0.0,0.0
0.24496875,-0.00014062500000000002,-0.00028125000000000003,-0.00028125000000000003,0.0,0.0,0.0,0.0
0.24440625000000002,-0.00028125000000000003,-0.00028125000000000003,-0.00028125000000000003,0.0,0.0,0.0,0.0
0.24525000000000002,-0.00014062500000000002,-0.00028125000000000003,-0.00028125000000000003,0.0,0.0,0.0,0.0
0.24510937500000002,-0.00028125000000000003,-0.00028125000000000003,-0.00028125000000000003,0.0,0.0,0.0,0.0
0.2458125,-0.00014062500000000002,-0.00028125000000000003,-0.00028125000000000003,0.0,0.0,0.0,0.0
0.2458125,-0.00028125000000000003,-0.00014062500000000002,-0.00028125000000000003,0.0,0.0,0.0,0.0
0.24553125000000003,-0.00028125000000000003,-0.00028125000000000003,-0.00028125000000000003,0.0,0.0,0.0,0.0
0.24510937500000002,-0.00028125000000000003,-0.00028125000000000003,-0.00028125000000000003,0.0,0.0,0.0,0.0
0.24440625000000002,-0.00014062500000000002,-0.00028125000000000003,-0.00028125000000000003,0.0,0.0,0.0,0.0
0.244828125,-0.00028125000000000003,-0.00028125000000000003,-0.00028125000000000003,0.0,0.0,0.0,0.0
0.244125,-0.00014062500000000002,-0.00028125000000000003,-0.00028125000000000003,0.0,0.0,0.0,0.0
0.244125,-0.00014062500000000002,-0.00028125000000000003,-0.00028125000000000003,0.0,0.0,0.0,0.0
0.243984375,-0.00028125000000000003,-0.00028125000000000003,-0.00028125000000000003,0.0,0.0,0.0,0.0
0.244828125,-0.00028125000000000003,-0.00028125000000000003,-0.00028125000000000003,0.0,0.0,0.0,0.0
0.24440625000000002,-0.00014062500000000002,-0.00028125000000000003,-0.00028125000000000003,0.0,0.0,0.0,0.0
0.2446875,-0.00028125000000000003,-0.00028125000000000003,-0.00028125000000000003,0.0,0.0,0.0,0.0
0.24426562500000001,-0.00028125000000000003,-0.00028125000000000003,-0.00028125000000000003,0.0,0.0,0.0,0.0
0.24440625000000002,-0.00014062500000000002,-0.00028125000000000003,-0.00028125000000000003,0.0,0.0,0.0,0.0
0.2435625,-0.00028125000000000003,-0.00028125000000000003,-0.00028125000000000003,0.0,0.0,0.0,0.0
0.2446875,-0.00028125000000000003,-0.00028125000000000003,-0.00028125000000000003,0.0,0.0,0.0,0.0
0.244125,-0.00014062500000000002,-0.00028125000000000003,-0.00028125000000000003,0.0,0.0,0.0,0.0
0.24496875,-0.00028125000000000003,-0.00028125000000000003,-0.00028125000000000003,0.0,0.0,0.0,0.0
0.24440625000000002,-0.00028125000000000003,-0.00028125000000000003,-0.00028125000000000003,0.0,0.0,0.0,0.0
0.24510937500000002,-0.00028125000000000003,-0.00028125000000000003,-0.00028125000000000003,0.0,0.0,0.0,0.0
0.24510937500000002,-0.00028125000000000003,-0.00028125000000000003,-0.00028125000000000003,0.0,0.0,0.0,0.0
0.24510937500000002,-0.00028125000000000003,-0.00028125000000000003,-0.00028125000000000003,0.0,0.0,0.0,0.0
0.24426562500000001,-0.00014062500000000002,-0.00028125000000000003,-0.00028125000000000003,0.0,0.0,0.0,0.0
0.24454687500000002,-0.00014062500000000002,-0.00028125000000000003,-0.00028125000000000003,0.0,0.0,0.0,0.0
0.24300000000000002,-0.00014062500000000002,-0.00028125000000000003,-0.00028125000000000003,0.0,0.0,0.0,0.0
0.2435625,-0.00028125000000000003,-0.00028125000000000003,-0.00028125000000000003,0.0,0.0,0.0,0.0
0.24300000000000002,-0.00028125000000000003,-0.00028125000000000003,-0.00028125000000000003,0.0,0.0,0.0,0.0
0.24300000000000002,-0.00028125000000000003,-0.00028125000000000003,-0.00028125000000000003,0.0,0.0,0.0,0.0
0.24271875,-0.00028125000000000003,-0.00028125000000000003,-0.00028125000000000003,0.0,0.0,0.0,0.0
0.24328125000000003,-0.00014062500000000002,-0.00028125000000000003,-0.00028125000000000003,0.0,0.0,0.0,0.0
0.24271875,-0.00014062500000000002,-0.00028125000000000003,-0.00028125000000000003,0.0,0.0,0.0,0.0
0.24300000000000002,-0.00028125000000000003,-0.00028125000000000003,-0.00028125000000000003,0.0,0.0,0.0,0.0
0.242578125,-0.00014062500000000002,-0.00028125000000000003,-0.00028125000000000003,0.0,0.0,0.0,0.0
0.24271875,-0.00028125000000000003,-0.00028125000000000003,-0.00028125000000000003,0.0,0.0,0.0,0.0
0.24285937500000002,-0.00028125000000000003,-0.00028125000000000003,-0.00028125000000000003,0.0,0.0,0.0,0.0
0.24314062500000003,-0.00014062500000000002,-0.00028125000000000003,-0.00028125000000000003,0.0,0.0,0.0,0.0
0.24271875,-0.00014062500000000002,-0.00028125000000000003,-0.00028125000000000003,0.0,0.0,0.0,0.0
0.24285937500000002,-0.00028125000000000003,-0.00028125000000000003,-0.00028125000000000003,0.0,0.0,0.0,0.0
0.24384375,-0.00028125000000000003,-0.00028125000000000003,-0.00028125000000000003,0.0,0.0,0.0,0.0
0.24314062500000003,-0.00014062500000000002,-0.00028125000000000003,-0.00028125000000000003,0.0,0.0,0.0,0.0
0.2435625,-0.00028125000000000003,-0.00028125000000000003,-0.00028125000000000003,0.0,0.0,0.0,0.0
0.24342187500000004,-0.00028125000000000003,-0.00028125000000000003,-0.00028125000000000003,0.0,0.0,0.0,0.0
0.24285937500000002,-0.00028125000000000003,-0.00028125000000000003,-0.00028125000000000003,0.0,0.0,0.0,0.0
0.24215625000000002,-0.00028125000000000003,-0.00028125000000000003,-0.00028125000000000003,0.0,0.0,0.0,0.0
0.241734375,-0.00028125000000000003,-0.00014062500000000002,-0.00028125000000000003,0.0,0.0,0.0,0.0
0.24159375,-0.00028125000000000003,-0.00028125000000000003,-0.00028125000000000003,0.0,0.0,0.0,0.0
0.241453125,-0.00028125000000000003,-0.00028125000000000003,-0.00028125000000000003,0.0,0.0,0.0,0.0
0.24159375,-0.00028125000000000003,-0.00014062500000000002,-0.00028125000000000003,0.0,0.0,0.0,0.0
0.24117187500000004,-0.00028125000000000003,-0.00028125000000000003,-0.00028125000000000003,0.0,0.0,0.0,0.0
0.24131249999999999,-0.00014062500000000002,-0.00028125000000000003,-0.00028125000000000003,0.0,0.0,0.0,0.0
0.24131249999999999,-0.00014062500000000002,-0.00028125000000000003,-0.00028125000000000003,0.0,0.0,0.0,0.0
0.24089062500000002,-0.00028125000000000003,-0.00028125000000000003,-0.00028125000000000003,0.0,0.0,0.0,0.0
0.24089062500000002,-0.00028125000000000003,-0.00028125000000000003,-0.00028125000000000003,0.0,0.0,0.0,0.0
0.241453125,-0.00014062500000000002,-0.00028125000000000003,-0.00028125000000000003,0.0,0.0,0.0,0.0
0.24103125000000003,-0.00014062500000000002,-0.00028125000000000003,-0.00028125000000000003,0.0,0.0,0.0,0.0
0.241453125,-0.00028125000000000003,-0.00028125000000000003,-0.00028125000000000003,0.0,0.0,0.0,0.0
0.24117187500000004,-0.00028125000000000003,-0.00028125000000000003,-0.00028125000000000003,0.0,0.0,0.0,0.0
0.24159375,-0.00028125000000000003,-0.00028125000000000003,-0.00028125000000000003,0.0,0.0,0.0,0.0
0.24103125000000003,-0.00014062500000000002,-0.00028125000000000003,-0.00028125000000000003,0.0,0.0,0.0,0.0
0.241734375,-0.00028125000000000003,-0.00028125000000000003,-0.00028125000000000003,0.0,0.0,0.0,0.0
0.24159375,-0.00028125000000000003,-0.00028125000000000003,-0.00028125000000000003,0.0,0.0,0.0,0.0
0.242578125,-0.00014062500000000002,-0.00028125000000000003,-0.00028125000000000003,0.0,0.0,0.0,0.0
0.241453125,-0.00014062500000000002,-0.00028125000000000003,-0.00028125000000000003,0.0,0.0,0.0,0.0
0.24131249999999999,-0.00014062500000000002,-0.00028125000000000003,-0.00028125000000000003,0.0,0.0,0.0,0.0
0.23990625000000002,-0.00028125000000000003,-0.00028125000000000003,-0.00028125000000000003,0.0,0.0,0.0,0.0
0.23990625000000002,-0.00028125000000000003,-0.00028125000000000003,-0.00028125000000000003,0.0,0.0,0.0,0.0
0.239484375,-0.00028125000000000003,-0.00028125000000000003,-0.00028125000000000003,0.0,0.0,0.0,0.0
0.24004687500000002,-0.00014062500000000002,-0.00028125000000000003,-0.00028125000000000003,0.0,0.0,0.0,0.0
0.239625,-0.00028125000000000003,-0.00028125000000000003,-0.00028125000000000003,0.0,0.0,0.0,0.0
0.23990625000000002,-0.00028125000000000003,-0.00028125000000000003,-0.00028125000000000003,0.0,0.0,0.0,0.0
0.23892187500000003,-0.00014062500000000002,-0.00028125000000000003,-0.00028125000000000003,0.0,0.0,0.0,0.0
0.239203125,-0.00028125000000000003,-0.00028125000000000003,-0.00028125000000000003,0.0,0.0,0.0,0.0
0.239625,-0.00028125000000000003,-0.00028125000000000003,-0.00028125000000000003,0.0,0.0,0.0,0.0
0.23934375,-0.00014062500000000002,-0.00028125000000000003,-0.00028125000000000003,0.0,0.0,0.0,0.0
0.239484375,-0.00028125000000000003,-0.00028125000000000003,-0.00028125000000000003,0.0,0.0,0.0,0.0
0.239484375,-0.00014062500000000002,-0.00028125000000000003,-0.00028125000000000003,0.0,0.0,0.0,0.0
0.239203125,-0.00028125000000000003,-0.00028125000000000003,-0.00028125000000000003,0.0,0.0,0.0,0.0
0.240328125,-0.00028125000000000003,-0.00028125000000000003,-0.00028125000000000003,0.0,0.0,0.0,0.0
0.23990625000000002,-0.00014062500000000002,-0.00028125000000000003,-0.00028125000000000003,0.0,0.0,0.0,0.0
0.24004687500000002,-0.00028125000000000003,-0.00028125000000000003,-0.00028125000000000003,0.0,0.0,0.0,0.0
0.23990625000000002,-0.00014062500000000002,-0.00028125000000000003,-0.00028125000000000003,0.0,0.0,0.0,0.0
0.239625,-0.00014062500000000002,-0.00028125000000000003,-0.00028125000000000003,0.0,0.0,0.0,0.0
0.239203125,-0.00014062500000000002,-0.00028125000000000003,-0.00028125000000000003,0.0,0.0,0.0,0.0
0.23864062500000002,-0.00014062500000000002,-0.00014062500000000002,-0.00028125000000000003,0.0,0.0,0.0,0.0
0.23765625,-0.00014062500000000002,-0.00028125000000000003,-0.00028125000000000003,0.0,0.0,0.0,0.0
0.23821875,-0.00028125000000000003,-0.00028125000000000003,-0.00028125000000000003,0.0,0.0,0.0,0.0
0.23821875,-0.00028125000000000003,-0.00028125000000000003,-0.00028125000000000003,0.0,0.0,0.0,0.0
0.238078125,-0.00028125000000000003,-0.00028125000000000003,-0.00028125000000000003,0.0,0.0,0.0,0.0
0.23779687500000002,-0.00014062500000000002,-0.00028125000000000003,-0.00028125000000000003,0.0,0.0,0.0,0.0
0.23793750000000002,-0.00028125000000000003,-0.00028125000000000003,-0.00028125000000000003,0.0,0.0,0.0,0.0
0.23793750000000002,-0.00028125000000000003,-0.00028125000000000003,-0.00028125000000000003,0.0,0.0,0.0,0.0
0.23821875,-0.00028125000000000003,-0.00028125000000000003,-0.00028125000000000003,0.0,0.0,0.0,0.0
0.23779687500000002,-0.00014062500000000002,-0.00028125000000000003,-0.00028125000000000003,0.0,0.0,0.0,0.0
0.23793750000000002,-0.00028125000000000003,-0.00028125000000000003,-0.00028125000000000003,0.0,0.0,0.0,0.0
0.23765625,-0.00014062500000000002,-0.00028125000000000003,-0.00028125000000000003,0.0,0.0,0.0,0.0
0.23779687500000002,-0.00028125000000000003,-0.00028125000000000003,-0.00028125000000000003,0.0,0.0,0.0,0.0
0.238078125,-0.00028125000000000003,-0.00028125000000000003,-0.00028125000000000003,0.0,0.0,0.0,0.0
0.23821875,-0.00014062500000000002,-0.00014062500000000002,-0.00028125000000000003,0.0,0.0,0.0,0.0
0.23878125000000003,-0.00014062500000000002,-0.00028125000000000003,-0.00028125000000000003,0.0,0.0,0.0,0.0
0.23821875,-0.00014062500000000002,-0.00014062500000000002,-0.00028125000000000003,0.0,0.0,0.0,0.0
0.23793750000000002,-0.00028125000000000003,-0.00028125000000000003,-0.00028125000000000003,0.0,0.0,0.0,0.0
0.23779687500000002,-0.00014062500000000002,-0.00028125000000000003,-0.00028125000000000003,0.0,0.0,0.0,0.0
0.23709375,-0.00028125000000000003,-0.00028125000000000003,-0.00028125000000000003,0.0,0.0,0.0,0.0
0.23667187500000003,-0.00028125000000000003,-0.00028125000000000003,-0.00028125000000000003,0.0,0.0,0.0,0.0
0.23667187500000003,-0.00028125000000000003,-0.00028125000000000003,-0.00028125000000000003,0.0,0.0,0.0,0.0
0.23596875,-0.00028125000000000003,-0.00028125000000000003,-0.00028125000000000003,0.0,0.0,0.0,0.0
0.23596875,-0.00014062500000000002,-0.00014062500000000002,-0.00028125000000000003,0.0,0.0,0.0,0.0
0.23596875,-0.00028125000000000003,-0.00028125000000000003,-0.00028125000000000003,0.0,0.0,0.0,0.0
0.23596875,-0.00028125000000000003,-0.00028125000000000003,-0.00028125000000000003,0.0,0.0,0.0,0.0
0.23554687500000002,-0.00028125000000000003,-0.00028125000000000003,-0.00028125000000000003,0.0,0.0,0.0,0.0
0.23625000000000002,-0.00014062500000000002,-0.00028125000000000003,-0.00028125000000000003,0.0,0.0,0.0,0.0
0.235828125,-0.00028125000000000003,-0.00028125000000000003,-0.00028125000000000003,0.0,0.0,0.0,0.0
0.235265625,-0.00028125000000000003,-0.00014062500000000002,-0.00028125000000000003,0.0,0.0,0.0,0.0
0.23596875,-0.00014062500000000002,-0.00028125000000000003,-0.00028125000000000003,0.0,0.0,0.0,0.0
0.23554687500000002,-0.00028125000000000003,-0.00028125000000000003,-0.00028125000000000003,0.0,0.0,0.0,0.0
0.235265625,-0.00028125000000000003,-0.00028125000000000003,-0.00028125000000000003,0.0,0.0,0.0,0.0
0.236109375,-0.00028125000000000003,-0.00028125000000000003,-0.00028125000000000003,0.0,0.0,0.0,0.0
0.236109375,-0.00028125000000000003,-0.00028125000000000003,-0.00028125000000000003,0.0,0.0,0.0,0.0
0.236109375,-0.00014062500000000002,-0.00028125000000000003,-0.00028125000000000003,0.0,0.0,0.0,0.0
0.23639062500000002,-0.00028125000000000003,-0.00028125000000000003,-0.00028125000000000003,0.0,0.0,0.0,0.0
0.23625000000000002,-0.00028125000000000003,-0.00014062500000000002,-0.00028125000000000003,0.0,0.0,0.0,0.0
0.23667187500000003,-0.00028125000000000003,-0.00028125000000000003,-0.00028125000000000003,0.0,0.0,0.0,0.0
0.237234375,-0.00028125000000000003,-0.00028125000000000003,-0.00028125000000000003,0.0,0.0,0.0,0.0
0.23625000000000002,-0.00014062500000000002,-0.00028125000000000003,-0.00028125000000000003,0.0,0.0,0.0,0.0
0.23554687500000002,-0.00014062500000000002,-0.00014062500000000002,-0.00028125000000000003,0.0,0.0,0.0,0.0
0.234984375,-0.00028125000000000003,-0.00028125000000000003,-0.00028125000000000003,0.0,0.0,0.0,0.0
0.23484375,-0.00028125000000000003,-0.00028125000000000003,-0.00028125000000000003,0.0,0.0,0.0,0.0
0.23428125000000002,-0.00028125000000000003,-0.00028125000000000003,-0.00028125000000000003,0.0,0.0,0.0,0.0
0.233859375,-0.00014062500000000002,-0.00028125000000000003,-0.00028125000000000003,0.0,0.0,0.0,0.0
0.235265625,-0.00028125000000000003,-0.00028125000000000003,-0.00028125000000000003,0.0,0.0,0.0,0.0
0.235125,-0.00014062500000000002,-0.00028125000000000003,-0.00028125000000000003,0.0,0.0,0.0,0.0
0.23442187500000003,-0.00028125000000000003,-0.00028125000000000003,-0.00028125000000000003,0.0,0.0,0.0,0.0
0.23470312499999998,-0.00014062500000000002,-0.00014062500000000002,-0.00028125000000000003,0.0,0.0,0.0,0.0
0.23456250000000003,-0.00028125000000000003,-0.00028125000000000003,-0.00028125000000000003,0.0,0.0,0.0,0.0
0.235265625,-0.00028125000000000003,-0.00028125000000000003,-0.00028125000000000003,0.0,0.0,0.0,0.0
0.23554687500000002,-0.00028125000000000003,-0.00028125000000000003,-0.00042187500000000005,0.0,0.0,0.0,0.0
0.23554687500000002,-0.00014062500000000002,-0.00028125000000000003,-0.00028125000000000003,0.0,0.0,0.0,0.0
0.235265625,-0.00028125000000000003,-0.00028125000000000003,-0.00028125000000000003,0.0,0.0,0.0,0.0
0.23596875,-0.00014062500000000002,-0.00028125000000000003,-0.00028125000000000003,0.0,0.0,0.0,0.0
0.235828125,-0.00028125000000000003,-0.00028125000000000003,-0.00028125000000000003,0.0,0.0,0.0,0.0
0.23596875,-0.00028125000000000003,-0.00028125000000000003,-0.00028125000000000003,0.0,0.0,0.0,0.0
0.23625000000000002,-0.00014062500000000002,-0.00028125000000000003,-0.00028125000000000003,0.0,0.0,0.0,0.0
0.23681250000000004,-0.00014062500000000002,-0.00028125000000000003,-0.00028125000000000003,0.0,0.0,0.0,0.0
0.23667187500000003,-0.00028125000000000003,-0.00028125000000000003,-0.00028125000000000003,0.0,0.0,0.0,0.0
0.237375,-0.00028125000000000003,-0.00028125000000000003,-0.00028125000000000003,0.0,0.0,0.0,0.0
0.237234375,-0.00028125000000000003,-0.00028125000000000003,-0.00028125000000000003,0.0,0.0,0.0,0.0
0.23596875,-0.00028125000000000003,-0.00028125000000000003,-0.00028125000000000003,0.0,0.0,0.0,0.0
0.23596875,-0.00014062500000000002,-0.00014062500000000002,-0.00028125000000000003,0.0,0.0,0.0,0.0
0.23596875,-0.00028125000000000003,-0.00014062500000000002,-0.00028125000000000003,0.0,0.0,0.0,0.0
0.235828125,-0.00028125000000000003,-0.00028125000000000003,-0.00028125000000000003,0.0,0.0,0.0,0.0
0.23667187500000003,-0.00014062500000000002,-0.00014062500000000002,-0.00028125000000000003,0.0,0.0,0.0,0.0
0.23667187500000003,-0.00014062500000000002,-0.00028125000000000003,-0.00028125000000000003,0.0,0.0,0.0,0.0
0.236109375,-0.00028125000000000003,-0.00028125000000000003,-0.00028125000000000003,0.0,0.0,0.0,0.0
0.23639062500000002,-0.00014062500000000002,-0.00028125000000000003,-0.00028125000000000003,0.0,0.0,0.0,0.0
0.23667187500000003,-0.00028125000000000003,-0.00028125000000000003,-0.00028125000000000003,0.0,0.0,0.0,0.0
0.236953125,-0.00028125000000000003,-0.00028125000000000003,-0.00028125000000000003,0.0,0.0,0.0,0.0
0.237515625,-0.00014062500000000002,-0.00028125000000000003,-0.00028125000000000003,0.0,0.0,0.0,0.0
0.237234375,-0.00028125000000000003,-0.00028125000000000003,-0.00028125000000000003,0.0,0.0,0.0,0.0
0.23765625,-0.00028125000000000003,-0.00028125000000000003,-0.00028125000000000003,0.0,0.0,0.0,0.0
0.238078125,-0.00014062500000000002,-0.00028125000000000003,-0.00028125000000000003,0.0,0.0,0.0,0.0
0.237515625,-0.00028125000000000003,-0.00028125000000000003,-0.00028125000000000003,0.0,0.0,0.0,0.0
0.238078125,-0.00028125000000000003,-0.00028125000000000003,-0.00028125000000000003,0.0,0.0,0.0,0.0
0.23821875,-0.00014062500000000002,-0.00028125000000000003,-0.00028125000000000003,0.0,0.0,0.0,0.0
0.23864062500000002,-0.00014062500000000002,-0.00028125000000000003,-0.00028125000000000003,0.0,0.0,0.0,0.0
0.23878125000000003,-0.00014062500000000002,-0.00028125000000000003,-0.00028125000000000003,0.0,0.0,0.0,0.0
0.239484375,-0.00028125000000000003,-0.00028125000000000003,-0.00028125000000000003,0.0,0.0,0.0,0.0
0.239203125,-0.00028125000000000003,-0.00014062500000000002,-0.00028125000000000003,0.0,0.0,0.0,0.0
0.238359375,-0.00028125000000000003,-0.00028125000000000003,-0.00028125000000000003,0.0,0.0,0.0,0.0
0.238359375,-0.00028125000000000003,-0.00028125000000000003,-0.00028125000000000003,0.0,0.0,0.0,0.0
0.23878125000000003,-0.00014062500000000002,-0.00028125000000000003,-0.00028125000000000003,0.0,0.0,0.0,0.0
0.23878125000000003,-0.00014062500000000002,-0.00028125000000000003,-0.00028125000000000003,0.0,0.0,0.0,0.0
0.23850000000000002,-0.00028125000000000003,-0.00028125000000000003,-0.00028125000000000003,0.0,0.0,0.0,0.0
0.23850000000000002,-0.00028125000000000003,-0.00028125000000000003,-0.00028125000000000003,0.0,0.0,0.0,0.0
0.238359375,-0.00014062500000000002,-0.00028125000000000003,-0.00028125000000000003,0.0,0.0,0.0,0.0
0.23906250000000004,-0.00028125000000000003,-0.00028125000000000003,-0.00028125000000000003,0.0,0.0,0.0,0.0
0.23864062500000002,-0.00028125000000000003,-0.00028125000000000003,-0.00028125000000000003,0.0,0.0,0.0,0.0
0.238359375,-0.00014062500000000002,-0.00028125000000000003,-0.00028125000000000003,0.0,0.0,0.0,0.0
0.239625,-0.00014062500000000002,-0.00028125000000000003,-0.00028125000000000003,0.0,0.0,0.0,0.0
0.239203125,-0.00014062500000000002,-0.00028125000000000003,-0.00028125000000000003,0.0,0.0,0.0,0.0
0.23906250000000004,-0.00028125000000000003,-0.00028125000000000003,-0.00028125000000000003,0.0,0.0,0.0,0.0
0.23934375,-0.00014062500000000002,-0.00028125000000000003,-0.00028125000000000003,0.0,0.0,0.0,0.0
0.24004687500000002,-0.00014062500000000002,-0.00028125000000000003,-0.00028125000000000003,0.0,0.0,0.0,0.0
0.24004687500000002,-0.00014062500000000002,-0.00028125000000000003,-0.00028125000000000003,0.0,0.0,0.0,0.0
0.2401875,-0.00028125000000000003,-0.00028125000000000003,-0.00028125000000000003,0.0,0.0,0.0,0.0
0.239765625,-0.00028125000000000003,-0.00028125000000000003,-0.00028125000000000003,0.0,0.0,0.0,0.0
0.24075000000000002,-0.00014062500000000002,-0.00028125000000000003,-0.00028125000000000003,0.0,0.0,0.0,0.0
0.24117187500000004,-0.00028125000000000003,-0.00028125000000000003,-0.00028125000000000003,0.0,0.0,0.0,0.0
0.24075000000000002,-0.00028125000000000003,-0.00028125000000000003,-0.00028125000000000003,0.0,0.0,0.0,0.0
0.24089062500000002,-0.00014062500000000002,-0.00028125000000000003,-0.00028125000000000003,0.0,0.0,0.0,0.0
0.24103125000000003,-0.00014062500000000002,-0.00028125000000000003,-0.00028125000000000003,0.0,0.0,0.0,0.0
0.24004687500000002,-0.00028125000000000003,-0.00028125000000000003,-0.00028125000000000003,0.0,0.0,0.0,0.0
0.23990625000000002,-0.00028125000000000003,-0.00028125000000000003,-0.00028125000000000003,0.0,0.0,0.0,0.0
0.24060937500000001,-0.00028125000000000003,-0.00028125000000000003,-0.00028125000000000003,0.0,0.0,0.0,0.0
0.24046875,-0.00014062500000000002,-0.00028125000000000003,-0.00028125000000000003,0.0,0.0,0.0,0.0
0.24046875,-0.00028125000000000003,-0.00028125000000000003,-0.00028125000000000003,0.0,0.0,0.0,0.0
0.24103125000000003,-0.00028125000000000003,-0.00028125000000000003,-0.00028125000000000003,0.0,0.0,0.0,0.0
0.24103125000000003,-0.00028125000000000003,-0.00028125000000000003,-0.00028125000000000003,0.0,0.0,0.0,0.0
0.24046875,-0.00014062500000000002,-0.00014062500000000002,-0.00028125000000000003,0.0,0.0,0.0,0.0
0.24075000000000002,-0.00028125000000000003,-0.00028125000000000003,-0.00028125000000000003,0.0,0.0,0.0,0.0
0.24117187500000004,-0.00028125000000000003,-0.00028125000000000003,-0.00028125000000000003,0.0,0.0,0.0,0.0
0.24089062500000002,-0.00028125000000000003,-0.00028125000000000003,-0.00028125000000000003,0.0,0.0,0.0,0.0
0.24117187500000004,-0.00028125000000000003,-0.00028125000000000003,-0.00028125000000000003,0.0,0.0,0.0,0.0
0.24159375,-0.00014062500000000002,-0.00028125000000000003,-0.00028125000000000003,0.0,0.0,0.0,0.0
0.241453125,-0.00028125000000000003,-0.00028125000000000003,-0.00028125000000000003,0.0,0.0,0.0,0.0
0.24103125000000003,-0.00028125000000000003,-0.00028125000000000003,-0.00028125000000000003,0.0,0.0,0.0,0.0
0.242015625,-0.00014062500000000002,-0.00028125000000000003,-0.00028125000000000003,0.0,0.0,0.0,0.0
0.241875,-0.00028125000000000003,-0.00028125000000000003,-0.00028125000000000003,0.0,0.0,0.0,0.0
0.24159375,-0.00028125000000000003,-0.00028125000000000003,-0.00028125000000000003,0.0,0.0,0.0,0.0
0.242578125,-0.00028125000000000003,-0.00028125000000000003,-0.00028125000000000003,0.0,0.0,0.0,0.0
0.242578125,-0.00028125000000000003,-0.00014062500000000002,-0.00028125000000000003,0.0,0.0,0.0,0.0
0.242015625,-0.00014062500000000002,-0.00028125000000000003,-0.00028125000000000003,0.0,0.0,0.0,0.0
0.242578125,-0.00028125000000000003,-0.00028125000000000003,-0.00028125000000000003,0.0,0.0,0.0,0.0
0.24271875,-0.00028125000000000003,-0.00028125000000000003,-0.00028125000000000003,0.0,0.0,0.0,0.0
0.24215625000000002,-0.00028125000000000003,-0.00028125000000000003,-0.00028125000000000003,0.0,0.0,0.0,0.0
0.24229687500000002,-0.00028125000000000003,-0.00028125000000000003,-0.00028125000000000003,0.0,0.0,0.0,0.0
0.24229687500000002,-0.00014062500000000002,-0.00028125000000000003,-0.00028125000000000003,0.0,0.0,0.0,0.0
0.24117187500000004,-0.00028125000000000003,-0.00028125000000000003,-0.00028125000000000003,0.0,0.0,0.0,0.0
0.241875,-0.00028125000000000003,-0.00028125000000000003,-0.00028125000000000003,0.0,0.0,0.0,0.0
0.24229687500000002,-0.00028125000000000003,-0.00028125000000000003,-0.00028125000000000003,0.0,0.0,0.0,0.0
0.24215625000000002,-0.00014062500000000002,-0.00028125000000000003,-0.00028125000000000003,0.0,0.0,0.0,0.0
0.242578125,-0.00028125000000000003,-0.00028125000000000003,-0.00028125000000000003,0.0,0.0,0.0,0.0
0.241875,-0.00028125000000000003,-0.00028125000000000003,-0.00028125000000000003,0.0,0.0,0.0,0.0
0.242015625,-0.00028125000000000003,-0.00028125000000000003,-0.00028125000000000003,0.0,0.0,0.0,0.0
0.24328125000000003,-0.00028125000000000003,-0.00028125000000000003,-0.00028125000000000003,0.0,0.0,0.0,0.0
0.24285937500000002,-0.00014062500000000002,-0.00014062500000000002,-0.00028125000000000003,0.0,0.0,0.0,0.0
0.24314062500000003,-0.00014062500000000002,-0.00028125000000000003,-0.00028125000000000003,0.0,0.0,0.0,0.0
0.2435625,-0.00028125000000000003,-0.00028125000000000003,-0.00028125000000000003,0.0,0.0,0.0,0.0
0.2435625,-0.00014062500000000002,-0.00028125000000000003,-0.00028125000000000003,0.0,0.0,0.0,0.0
0.2424375,-0.00014062500000000002,-0.00028125000000000003,-0.00028125000000000003,0.0,0.0,0.0,0.0
0.2435625,-0.00028125000000000003,-0.00028125000000000003,-0.00028125000000000003,0.0,0.0,0.0,0.0
0.243703125,-0.00014062500000000002,-0.00028125000000000003,-0.00028125000000000003,0.0,0.0,0.0,0.0
0.243703125,-0.00028125000000000003,-0.00028125000000000003,-0.00028125000000000003,0.0,0.0,0.0,0.0
0.244125,-0.00028125000000000003,-0.00028125000000000003,-0.00028125000000000003,0.0,0.0,0.0,0.0
0.243703125,-0.00014062500000000002,-0.00028125000000000003,-0.00028125000000000003,0.0,0.0,0.0,0.0
0.24285937500000002,-0.00014062500000000002,-0.00028125000000000003,-0.00028125000000000003,0.0,0.0,0.0,0.0
0.24314062500000003,-0.00028125000000000003,-0.00028125000000000003,-0.00028125000000000003,0.0,0.0,0.0,0.0
0.24271875,-0.00028125000000000003,-0.00028125000000000003,-0.00028125000000000003,0.0,0.0,0.0,0.0
0.2424375,-0.00014062500000000002,-0.00028125000000000003,-0.00028125000000000003,0.0,0.0,0.0,0.0
0.24314062500000003,-0.00014062500000000002,-0.00028125000000000003,-0.00028125000000000003,0.0,0.0,0.0,0.0
0.24314062500000003,-0.00014062500000000002,-0.00014062500000000002,-0.00028125000000000003,0.0,0.0,0.0,0.0
0.24328125000000003,-0.00014062500000000002,-0.00028125000000000003,-0.00028125000000000003,0.0,0.0,0.0,0.0
0.24328125000000003,-0.00014062500000000002,-0.00028125000000000003,-0.00028125000000000003,0.0,0.0,0.0,0.0
0.2435625,-0.00028125000000000003,-0.00028125000000000003,-0.00028125000000000003,0.0,0.0,0.0,0.0
0.242578125,-0.00014062500000000002,-0.00028125000000000003,-0.00028125000000000003,0.0,0.0,0.0,0.0
0.24342187500000004,-0.00014062500000000002,-0.00028125000000000003,-0.00028125000000000003,0.0,0.0,0.0,0.0
0.2435625,-0.00028125000000000003,-0.00028125000000000003,-0.00028125000000000003,0.0,0.0,0.0,0.0
0.24342187500000004,-0.00028125000000000003,-0.00028125000000000003,-0.00028125000000000003,0.0,0.0,0.0,0.0
0.2435625,-0.00028125000000000003,-0.00028125000000000003,-0.00028125000000000003,0.0,0.0,0.0,0.0
0.244125,-0.00028125000000000003,-0.00028125000000000003,-0.00028125000000000003,0.0,0.0,0.0,0.0
0.24440625000000002,-0.00014062500000000002,-0.00028125000000000003,-0.00028125000000000003,0.0,0.0,0.0,0.0
0.244125,-0.00028125000000000003,-0.00028125000000000003,-0.00028125000000000003,0.0,0.0,0.0,0.0
0.24440625000000002,-0.00014062500000000002,-0.00028125000000000003,-0.00028125000000000003,0.0,0.0,0.0,0.0
0.2446875,-0.00014062500000000002,-0.00028125000000000003,-0.00028125000000000003,0.0,0.0,0.0,0.0
0.24440625000000002,-0.00014062500000000002,-0.00028125000000000003,-0.00028125000000000003,0.0,0.0,0.0,0.0
0.24510937500000002,-0.00028125000000000003,-0.00014062500000000002,-0.00028125000000000003,0.0,0.0,0.0,0.0
0.24510937500000002,-0.00014062500000000002,-0.00028125000000000003,-0.00028125000000000003,0.0,0.0,0.0,0.0
0.24496875,-0.00028125000000000003,-0.00028125000000000003,-0.00028125000000000003,0.0,0.0,0.0,0.0
0.24440625000000002,-0.00014062500000000002,-0.00028125000000000003,-0.00028125000000000003,0.0,0.0,0.0,0.0
0.243984375,-0.00014062500000000002,-0.00028125000000000003,-0.00028125000000000003,0.0,0.0,0.0,0.0
0.24342187500000004,-0.00014062500000000002,-0.00028125000000000003,-0.00028125000000000003,0.0,0.0,0.0,0.0
0.243984375,-0.00028125000000000003,-0.00014062500000000002,-0.00028125000000000003,0.0,0.0,0.0,0.0
0.2435625,-0.00028125000000000003,-0.00028125000000000003,-0.00028125000000000003,0.0,0.0,0.0,0.0
0.2435625,-0.00014062500000000002,-0.00028125000000000003,-0.00028125000000000003,0.0,0.0,0.0,0.0
0.24342187500000004,-0.00014062500000000002,-0.00028125000000000003,-0.00028125000000000003,0.0,0.0,0.0,0.0
0.2435625,-0.00028125000000000003,-0.00028125000000000003,-0.00028125000000000003,0.0,0.0,0.0,0.0
0.24314062500000003,-0.00014062500000000002,-0.00028125000000000003,-0.00028125000000000003,0.0,0.0,0.0,0.0
0.24342187500000004,-0.00028125000000000003,-0.00014062500000000002,-0.00028125000000000003,0.0,0.0,0.0,0.0
0.243703125,-0.00028125000000000003,-0.00014062500000000002,-0.00028125000000000003,0.0,0.0,0.0,0.0
0.24328125000000003,-0.00014062500000000002,-0.00028125000000000003,-0.00028125000000000003,0.0,0.0,0.0,0.0
0.24328125000000003,-0.00028125000000000003,-0.00028125000000000003,-0.00028125000000000003,0.0,0.0,0.0,0.0
0.24426562500000001,-0.00028125000000000003,-0.00014062500000000002,-0.00028125000000000003,0.0,0.0,0.0,0.0
0.2435625,-0.00014062500000000002,-0.00014062500000000002,-0.00028125000000000003,0.0,0.0,0.0,0.0
0.24342187500000004,-0.00014062500000000002,-0.00028125000000000003,-0.00028125000000000003,0.0,0.0,0.0,0.0
0.24384375,-0.00028125000000000003,-0.00028125000000000003,-0.00028125000000000003,0.0,0.0,0.0,0.0
0.24496875,-0.00028125000000000003,-0.00028125000000000003,-0.00028125000000000003,0.0,0.0,0.0,0.0
0.244125,-0.00028125000000000003,-0.00028125000000000003,-0.00028125000000000003,0.0,0.0,0.0,0.0
0.24440625000000002,-0.00028125000000000003,-0.00028125000000000003,-0.00028125000000000003,0.0,0.0,0.0,0.0
0.24496875,-0.00014062500000000002,-0.00028125000000000003,-0.00028125000000000003,0.0,0.0,0.0,0.0
0.24496875,-0.00028125000000000003,-0.00028125000000000003,-0.00028125000000000003,0.0,0.0,0.0,0.0
0.244828125,-0.00014062500000000002,-0.00028125000000000003,-0.00028125000000000003,0.0,0.0,0.0,0.0
0.24426562500000001,-0.00014062500000000002,-0.00028125000000000003,-0.00028125000000000003,0.0,0.0,0.0,0.0
0.24440625000000002,-0.00028125000000000003,-0.00028125000000000003,-0.00028125000000000003,0.0,0.0,0.0,0.0
0.2435625,-0.00028125000000000003,-0.00028125000000000003,-0.00028125000000000003,0.0,0.0,0.0,0.0
0.2435625,-0.00014062500000000002,-0.00028125000000000003,-0.00028125000000000003,0.0,0.0,0.0,0.0
0.24342187500000004,-0.00028125000000000003,-0.00028125000000000003,-0.00028125000000000003,0.0,0.0,0.0,0.0
0.24285937500000002,-0.00028125000000000003,-0.00028125000000000003,-0.00028125000000000003,0.0,0.0,0.0,0.0
0.243703125,-0.00014062500000000002,-0.00028125000000000003,-0.00028125000000000003,0.0,0.0,0.0,0.0
0.24342187500000004,-0.00014062500000000002,-0.00028125000000000003,-0.00028125000000000003,0.0,0.0,0.0,0.0
0.24342187500000004,-0.00028125000000000003,-0.00028125000000000003,-0.00028125000000000003,0.0,0.0,0.0,0.0
0.244125,-0.00028125000000000003,-0.00028125000000000003,-0.00028125000000000003,0.0,0.0,0.0,0.0
0.2435625,-0.00014062500000000002,-0.00028125000000000003,-0.00028125000000000003,0.0,0.0,0.0,0.0
0.24342187500000004,-0.00028125000000000003,-0.00028125000000000003,-0.00028125000000000003,0.0,0.0,0.0,0.0
0.244125,-0.00028125000000000003,-0.00028125000000000003,-0.00028125000000000003,0.0,0.0,0.0,0.0
0.24426562500000001,-0.00028125000000000003,-0.00028125000000000003,-0.00028125000000000003,0.0,0.0,0.0,0.0
0.2435625,-0.00014062500000000002,-0.00028125000000000003,-0.00028125000000000003,0.0,0.0,0.0,0.0
0.24454687500000002,-0.00014062500000000002,-0.00028125000000000003,-0.00028125000000000003,0.0,0.0,0.0,0.0
0.244828125,-0.00028125000000000003,-0.00028125000000000003,-0.00028125000000000003,0.0,0.0,0.0,0.0
0.24384375,-0.00014062500000000002,-0.00014062500000000002,-0.00028125000000000003,0.0,0.0,0.0,0.0
0.2446875,-0.00028125000000000003,-0.00028125000000000003,-0.00028125000000000003,0.0,0.0,0.0,0.0
0.24510937500000002,-0.00028125000000000003,-0.00028125000000000003,-0.00028125000000000003,0.0,0.0,0.0,0.0
0.24496875,-0.00028125000000000003,-0.00028125000000000003,-0.00028125000000000003,0.0,0.0,0.0,0.0
0.24454687500000002,-0.00028125000000000003,-0.00028125000000000003,-0.00028125000000000003,0.0,0.0,0.0,0.0
0.24454687500000002,-0.00014062500000000002,-0.00028125000000000003,-0.00028125000000000003,0.0,0.0,0.0,0.0
0.244125,-0.00028125000000000003,-0.00014062500000000002,-0.00028125000000000003,0.0,0.0,0.0,0.0
0.2435625,-0.00028125000000000003,-0.00028125000000000003,-0.00028125000000000003,0.0,0.0,0.0,0.0
0.24314062500000003,-0.00014062500000000002,-0.00014062500000000002,-0.00028125000000000003,0.0,0.0,0.0,0.0
0.24342187500000004,-0.00028125000000000003,-0.00028125000000000003,-0.00028125000000000003,0.0,0.0,0.0,0.0
0.24328125000000003,-0.00028125000000000003,-0.00028125000000000003,-0.00028125000000000003,0.0,0.0,0.0,0.0
0.243984375,-0.00028125000000000003,-0.00028125000000000003,-0.00028125000000000003,0.0,0.0,0.0,0.0
0.24342187500000004,-0.00028125000000000003,-0.00028125000000000003,-0.00028125000000000003,0.0,0.0,0.0,0.0
0.2435625,-0.00028125000000000003,-0.00028125000000000003,-0.00028125000000000003,0.0,0.0,0.0,0.0
0.2435625,-0.00028125000000000003,-0.00028125000000000003,-0.00042187500000000005,0.0,0.0,0.0,0.0
0.24314062500000003,-0.00028125000000000003,-0.00014062500000000002,-0.00028125000000000003,0.0,0.0,0.0,0.0
0.24384375,-0.00014062500000000002,-0.00028125000000000003,-0.00028125000000000003,0.0,0.0,0.0,0.0
0.24342187500000004,-0.00014062500000000002,-0.00028125000000000003,-0.00028125000000000003,0.0,0.0,0.0,0.0
0.24384375,-0.00028125000000000003,-0.00028125000000000003,-0.00028125000000000003,0.0,0.0,0.0,0.0
